-- phpMyAdmin SQL Dump
-- version 5.2.1
-- https://www.phpmyadmin.net/
--
-- Host: 127.0.0.1
-- Loomise aeg: Mai 16, 2024 kell 07:40 EL
-- Serveri versioon: 10.4.32-MariaDB
-- PHP versioon: 8.2.12

SET SQL_MODE = "NO_AUTO_VALUE_ON_ZERO";
START TRANSACTION;
SET time_zone = "+00:00";


/*!40101 SET @OLD_CHARACTER_SET_CLIENT=@@CHARACTER_SET_CLIENT */;
/*!40101 SET @OLD_CHARACTER_SET_RESULTS=@@CHARACTER_SET_RESULTS */;
/*!40101 SET @OLD_COLLATION_CONNECTION=@@COLLATION_CONNECTION */;
/*!40101 SET NAMES utf8mb4 */;

--
-- Andmebaas: `muusikapood_artur`
--

-- --------------------------------------------------------

--
-- Tabeli struktuur tabelile `albumid`
--

CREATE TABLE `albumid` (
  `id` int(11) NOT NULL,
  `artist` varchar(30) NOT NULL,
  `album` varchar(50) NOT NULL,
  `aasta` year(4) NOT NULL,
  `hind` decimal(10,2) NOT NULL
) ENGINE=InnoDB DEFAULT CHARSET=utf8mb4 COLLATE=utf8mb4_general_ci;

--
-- Andmete tõmmistamine tabelile `albumid`
--

INSERT INTO `albumid` (`id`, `artist`, `album`, `aasta`, `hind`) VALUES
(1, 'lil hugo', 'hugoverse', '2025', 121.00),
(2, 'spacecom', 'galaxy', '2022', 1234.00),
(3, 'ardur', 'ardurmagic', '2050', 500.00),
(4, 'pcboy', 'ramsticklove', '1999', 10.02),
(5, 'pcboy', 'cpuplayboy', '2000', 56.90),
(6, 'Pen', 'Rev', '1998', 627.63),
(7, 'Suzy', 'Honorable', '1922', 594.17),
(8, 'Maybelle', 'Mr', '0000', 13.61),
(9, 'Nessy', 'Mr', '1924', 497.30),
(10, 'Nikaniki', 'Mrs', '1937', 786.96),
(11, 'Cori', 'Mrs', '2018', 629.61),
(12, 'Aguistin', 'Mrs', '1921', 528.93),
(13, 'Franny', 'Mrs', '1949', 349.32),
(14, 'Lura', 'Dr', '2019', 985.52),
(15, 'Nadia', 'Honorable', '1998', 832.20),
(16, 'Fleur', 'Ms', '1947', 359.55),
(17, 'Miran', 'Ms', '1957', 357.36),
(18, 'Cassandre', 'Ms', '2017', 520.12),
(19, 'Livvie', 'Mr', '1935', 280.35),
(20, 'Francyne', 'Mr', '1983', 579.88),
(21, 'Jermaine', 'Mrs', '1909', 151.81),
(22, 'Paul', 'Honorable', '1976', 447.84),
(23, 'Tamar', 'Rev', '1916', 526.24),
(24, 'Dallas', 'Rev', '1924', 266.57),
(25, 'Gasparo', 'Honorable', '1984', 20.66),
(26, 'Bethany', 'Honorable', '1949', 870.03),
(27, 'Rebe', 'Honorable', '1983', 937.66),
(28, 'Francesca', 'Dr', '1997', 595.51),
(29, 'Alexi', 'Dr', '1952', 934.34),
(30, 'Jakie', 'Rev', '1931', 288.83),
(31, 'Rodolphe', 'Mrs', '1987', 692.33),
(32, 'Marilyn', 'Rev', '1976', 69.71),
(33, 'Harrison', 'Ms', '1988', 981.87),
(34, 'Hallie', 'Mrs', '1998', 687.44),
(35, 'Marcellina', 'Dr', '1933', 203.97),
(36, 'Bella', 'Rev', '1951', 794.56),
(37, 'Shauna', 'Honorable', '1934', 101.22),
(38, 'Dierdre', 'Rev', '1928', 327.60),
(39, 'Thekla', 'Rev', '1963', 655.48),
(40, 'Guthrie', 'Mrs', '1935', 689.93),
(41, 'Milty', 'Dr', '1994', 990.65),
(42, 'Shepperd', 'Ms', '1996', 997.75),
(43, 'Livvy', 'Ms', '2005', 269.74),
(44, 'Marthena', 'Mrs', '1922', 576.00),
(45, 'Kym', 'Mrs', '1952', 275.57),
(46, 'Vinny', 'Ms', '1999', 879.84),
(47, 'Modestine', 'Honorable', '1950', 200.49),
(48, 'Bradan', 'Honorable', '2008', 490.33),
(49, 'Kasper', 'Honorable', '1977', 152.26),
(50, 'Leonidas', 'Mrs', '2010', 926.19),
(51, 'Eustacia', 'Rev', '2014', 873.54),
(52, 'Wesley', 'Mr', '1911', 940.34),
(53, 'Ginevra', 'Rev', '1976', 918.66),
(54, 'Carroll', 'Rev', '1907', 273.12),
(55, 'Drona', 'Honorable', '1996', 544.14),
(56, 'Kay', 'Rev', '1901', 77.83),
(57, 'Jeffie', 'Honorable', '1913', 514.14),
(58, 'Ailsun', 'Dr', '1918', 869.54),
(59, 'Margie', 'Honorable', '1948', 504.95),
(60, 'Barbabas', 'Rev', '1909', 325.08),
(61, 'Gibbie', 'Mr', '1996', 303.03),
(62, 'Tucky', 'Rev', '2020', 144.87),
(63, 'Doll', 'Mrs', '1976', 689.84),
(64, 'Raymund', 'Mr', '1980', 935.18),
(65, 'Kym', 'Rev', '1911', 249.38),
(66, 'Lydie', 'Rev', '0000', 530.76),
(67, 'Yehudit', 'Mr', '1934', 406.67),
(68, 'Ambros', 'Ms', '1940', 315.99),
(69, 'Catherine', 'Ms', '2016', 933.03),
(70, 'Reade', 'Mrs', '2012', 591.14),
(71, 'Merrile', 'Mrs', '1944', 97.20),
(72, 'Cully', 'Ms', '1915', 75.53),
(73, 'Jamima', 'Honorable', '1951', 426.28),
(74, 'Gretna', 'Ms', '1971', 30.67),
(75, 'Megen', 'Ms', '2001', 753.63),
(76, 'Roma', 'Mr', '1952', 339.06),
(77, 'Miles', 'Honorable', '2004', 858.89),
(78, 'Clarie', 'Honorable', '1944', 450.57),
(79, 'Hildagard', 'Mrs', '1951', 154.23),
(80, 'Betta', 'Ms', '1970', 321.42),
(81, 'Leoine', 'Honorable', '2013', 949.06),
(82, 'Berk', 'Dr', '1910', 636.73),
(83, 'Isak', 'Honorable', '1988', 836.91),
(84, 'Clayton', 'Mr', '1994', 924.31),
(85, 'Mandie', 'Dr', '1926', 290.77),
(86, 'Nanni', 'Rev', '1915', 624.68),
(87, 'Megen', 'Rev', '0000', 936.50),
(88, 'Hogan', 'Rev', '1977', 713.92),
(89, 'Jerrie', 'Mr', '1996', 378.66),
(90, 'Spencer', 'Mr', '1956', 929.91),
(91, 'Ottilie', 'Ms', '1992', 237.70),
(92, 'Drusie', 'Honorable', '1951', 608.81),
(93, 'Bamby', 'Rev', '1984', 346.17),
(94, 'Samuele', 'Mr', '1901', 534.50),
(95, 'Kevan', 'Dr', '1910', 268.30),
(96, 'Gabriela', 'Mr', '1998', 732.53),
(97, 'Butch', 'Honorable', '1974', 885.58),
(98, 'Raffaello', 'Dr', '1966', 988.82),
(99, 'Orton', 'Dr', '1950', 419.98),
(100, 'Louisette', 'Mrs', '1983', 566.08),
(101, 'Trix', 'Dr', '1920', 434.93),
(102, 'Ruthann', 'Mr', '1938', 164.57),
(103, 'Darrick', 'Mrs', '1916', 968.82),
(104, 'Gwendolen', 'Mr', '2009', 254.04),
(105, 'Scottie', 'Ms', '1915', 115.97),
(106, 'Janel', 'Honorable', '2017', 793.57),
(107, 'Kathye', 'Dr', '1995', 447.19),
(108, 'Joelle', 'Rev', '1949', 488.18),
(109, 'Consalve', 'Mr', '1951', 341.74),
(110, 'Rickard', 'Dr', '1957', 49.42),
(111, 'Torrey', 'Mrs', '1971', 526.93),
(112, 'Thurstan', 'Honorable', '1965', 571.60),
(113, 'Emmerich', 'Ms', '1903', 206.93),
(114, 'Dorri', 'Mr', '1911', 725.69),
(115, 'Carling', 'Mr', '1905', 338.10),
(116, 'Dew', 'Mr', '1936', 544.05),
(117, 'Bill', 'Rev', '1901', 184.94),
(118, 'Pate', 'Mr', '1928', 914.86),
(119, 'Gaylene', 'Dr', '2004', 82.07),
(120, 'Marc', 'Rev', '2014', 148.65),
(121, 'Agace', 'Rev', '1975', 372.74),
(122, 'Alejandrina', 'Mrs', '2021', 441.21),
(123, 'Denna', 'Ms', '2008', 886.78),
(124, 'Boonie', 'Ms', '1986', 806.38),
(125, 'Maxi', 'Mr', '1938', 978.31),
(126, 'Dot', 'Ms', '1911', 434.95),
(127, 'Tobi', 'Rev', '1909', 953.17),
(128, 'Khalil', 'Dr', '1938', 167.49),
(129, 'Melessa', 'Rev', '1958', 622.03),
(130, 'Minette', 'Mr', '2014', 520.61),
(131, 'Teodorico', 'Honorable', '2012', 592.59),
(132, 'Dare', 'Mr', '1917', 664.00),
(133, 'Pinchas', 'Honorable', '1992', 540.38),
(134, 'Caye', 'Mr', '1961', 607.23),
(135, 'Charity', 'Ms', '1949', 459.58),
(136, 'Giselle', 'Honorable', '1951', 54.07),
(137, 'Guthrey', 'Honorable', '1930', 190.55),
(138, 'Andie', 'Honorable', '2016', 107.16),
(139, 'Keir', 'Mr', '1903', 150.88),
(140, 'Lenette', 'Dr', '1970', 241.36),
(141, 'Kassia', 'Mr', '2022', 12.66),
(142, 'Avictor', 'Mrs', '1969', 241.51),
(143, 'Wendy', 'Ms', '1930', 964.86),
(144, 'Ryley', 'Dr', '1902', 911.57),
(145, 'Maggi', 'Mrs', '2014', 470.88),
(146, 'Eziechiele', 'Ms', '1956', 858.42),
(147, 'Marje', 'Mr', '1931', 919.67),
(148, 'Junia', 'Dr', '1960', 951.92),
(149, 'Vivyanne', 'Honorable', '1985', 648.19),
(150, 'Teddie', 'Honorable', '1944', 190.19),
(151, 'Ramon', 'Mrs', '1908', 713.24),
(152, 'Saundra', 'Ms', '1920', 220.18),
(153, 'Edee', 'Mr', '2022', 167.23),
(154, 'Lexie', 'Mr', '2003', 351.29),
(155, 'Tybie', 'Dr', '2018', 665.16),
(156, 'Emmye', 'Honorable', '1981', 25.16),
(157, 'Domingo', 'Honorable', '1949', 295.33),
(158, 'Tyler', 'Mrs', '1915', 41.57),
(159, 'Datha', 'Honorable', '1974', 299.67),
(160, 'Nevins', 'Honorable', '1922', 198.43),
(161, 'Arther', 'Mr', '1991', 572.82),
(162, 'Romeo', 'Ms', '1967', 285.33),
(163, 'Garner', 'Mrs', '1915', 511.98),
(164, 'Jerad', 'Mr', '1917', 358.36),
(165, 'Patsy', 'Honorable', '1905', 437.75),
(166, 'Anatol', 'Mr', '2013', 839.48),
(167, 'Vanda', 'Dr', '1955', 8.56),
(168, 'Adams', 'Honorable', '1998', 236.43),
(169, 'Tami', 'Dr', '2010', 614.34),
(170, 'Fayth', 'Ms', '1902', 565.75),
(171, 'Teresa', 'Mrs', '1935', 462.66),
(172, 'Hermia', 'Rev', '2022', 743.01),
(173, 'Esta', 'Rev', '1950', 794.98),
(174, 'Jamie', 'Ms', '1943', 34.29),
(175, 'Fenelia', 'Dr', '1902', 383.63),
(176, 'Humfrey', 'Mr', '1903', 51.05),
(177, 'Dyann', 'Rev', '1933', 476.10),
(178, 'Rhona', 'Honorable', '1941', 57.61),
(179, 'Loella', 'Rev', '1912', 896.48),
(180, 'Bel', 'Honorable', '2020', 711.24),
(181, 'Philippa', 'Dr', '1952', 501.87),
(182, 'Renae', 'Honorable', '1987', 114.45),
(183, 'Richart', 'Mrs', '1957', 445.35),
(184, 'Worden', 'Rev', '2014', 896.73),
(185, 'Jerrilyn', 'Dr', '1986', 117.49),
(186, 'Sky', 'Dr', '1904', 718.81),
(187, 'Vi', 'Ms', '1911', 49.37),
(188, 'Martino', 'Rev', '1983', 662.81),
(189, 'Peggie', 'Mr', '1939', 847.57),
(190, 'Atlante', 'Honorable', '1975', 531.72),
(191, 'Adela', 'Honorable', '1990', 639.92),
(192, 'Evelyn', 'Rev', '1997', 759.53),
(193, 'Darcy', 'Rev', '1918', 103.88),
(194, 'Stan', 'Honorable', '2020', 15.58),
(195, 'Kizzee', 'Honorable', '1965', 555.21),
(196, 'Leonelle', 'Honorable', '1926', 725.27),
(197, 'Kellia', 'Dr', '1990', 702.54),
(198, 'Bob', 'Rev', '1925', 651.90),
(199, 'Vilma', 'Dr', '2014', 702.89),
(200, 'Jonie', 'Honorable', '1987', 769.80),
(201, 'Marlin', 'Mr', '2015', 553.35),
(202, 'Kaleena', 'Ms', '1905', 356.68),
(203, 'Hammad', 'Mr', '1986', 958.30),
(204, 'Aretha', 'Ms', '1995', 165.00),
(205, 'Petronella', 'Ms', '2020', 333.05),
(206, 'Elliot', 'Ms', '1979', 506.33),
(207, 'Candra', 'Rev', '1948', 275.58),
(208, 'Forest', 'Mr', '1998', 185.80),
(209, 'Clark', 'Ms', '0000', 48.66),
(210, 'Alfie', 'Honorable', '1942', 729.59),
(211, 'Opaline', 'Ms', '1916', 0.52),
(212, 'Lon', 'Dr', '1952', 224.68),
(213, 'Jacklin', 'Honorable', '1965', 375.73),
(214, 'Mei', 'Mr', '1924', 171.82),
(215, 'Trenton', 'Mr', '1912', 699.77),
(216, 'Brnaba', 'Rev', '1979', 79.37),
(217, 'Fifi', 'Honorable', '1956', 715.54),
(218, 'Tanny', 'Mrs', '1957', 503.33),
(219, 'Donella', 'Honorable', '2021', 505.82),
(220, 'Mathias', 'Mrs', '2001', 722.27),
(221, 'My', 'Dr', '1962', 343.05),
(222, 'Coleman', 'Mrs', '1929', 475.31),
(223, 'Sibella', 'Honorable', '2012', 489.55),
(224, 'Shoshana', 'Mrs', '1922', 194.17),
(225, 'Shela', 'Ms', '1974', 73.96),
(226, 'Kimble', 'Rev', '1988', 432.42),
(227, 'Wright', 'Ms', '1957', 655.60),
(228, 'Garnette', 'Honorable', '2017', 882.43),
(229, 'Jewelle', 'Ms', '2022', 846.70),
(230, 'Mallorie', 'Rev', '1950', 204.53),
(231, 'Latia', 'Dr', '1987', 952.90),
(232, 'Flint', 'Dr', '1954', 449.91),
(233, 'Clayborn', 'Mrs', '1903', 435.13),
(234, 'Alicea', 'Honorable', '1934', 844.83),
(235, 'Brooke', 'Mr', '1928', 245.71),
(236, 'Skell', 'Honorable', '2022', 132.30),
(237, 'Martino', 'Rev', '1979', 276.29),
(238, 'Donnajean', 'Mr', '2007', 578.20),
(239, 'Augusto', 'Dr', '1987', 504.01),
(240, 'August', 'Honorable', '1905', 794.32),
(241, 'Mab', 'Honorable', '1905', 608.14),
(242, 'Claudianus', 'Honorable', '1962', 196.96),
(243, 'Thayne', 'Ms', '1941', 17.81),
(244, 'Germayne', 'Honorable', '2011', 11.82),
(245, 'Nerte', 'Rev', '1977', 477.59),
(246, 'Arte', 'Dr', '1991', 674.84),
(247, 'Allison', 'Rev', '1988', 822.30),
(248, 'Niki', 'Rev', '1984', 351.29),
(249, 'Blondelle', 'Rev', '2012', 787.51),
(250, 'Merrill', 'Mrs', '1911', 23.21),
(251, 'Sallee', 'Rev', '1923', 166.54),
(252, 'Angelina', 'Rev', '2014', 961.21),
(253, 'Amandy', 'Dr', '1962', 407.54),
(254, 'Clem', 'Honorable', '1926', 853.78),
(255, 'Demetri', 'Ms', '2007', 793.96),
(256, 'Adrienne', 'Ms', '2006', 362.65),
(257, 'Janelle', 'Rev', '1967', 312.82),
(258, 'Pancho', 'Ms', '1993', 186.26),
(259, 'Gerik', 'Dr', '1969', 199.68),
(260, 'Filbert', 'Dr', '1998', 31.43),
(261, 'Anabella', 'Rev', '1995', 230.14),
(262, 'Layne', 'Mrs', '1965', 470.95),
(263, 'Lindie', 'Ms', '1967', 684.32),
(264, 'Caryn', 'Dr', '1939', 318.38),
(265, 'Yurik', 'Rev', '1937', 370.05),
(266, 'Stanleigh', 'Honorable', '1946', 672.65),
(267, 'Sadella', 'Rev', '1905', 881.75),
(268, 'Lemmie', 'Rev', '1938', 367.36),
(269, 'Kimbell', 'Rev', '1957', 450.24),
(270, 'Pat', 'Ms', '1981', 558.38),
(271, 'Josepha', 'Dr', '1974', 174.40),
(272, 'Rois', 'Ms', '1956', 171.99),
(273, 'Emylee', 'Dr', '2000', 87.67),
(274, 'Buiron', 'Dr', '1915', 237.78),
(275, 'Preston', 'Mrs', '1955', 95.25),
(276, 'Cristine', 'Mrs', '1960', 466.27),
(277, 'Aundrea', 'Rev', '1941', 21.18),
(278, 'Hayyim', 'Ms', '1997', 752.33),
(279, 'Rowena', 'Rev', '1975', 75.69),
(280, 'Yehudit', 'Mrs', '1930', 452.98),
(281, 'Lina', 'Honorable', '1970', 242.07),
(282, 'Shaylah', 'Mrs', '1910', 216.03),
(283, 'Lyn', 'Ms', '1994', 184.20),
(284, 'Corabelle', 'Mrs', '1977', 736.65),
(285, 'Nariko', 'Mrs', '1946', 538.35),
(286, 'Ignace', 'Honorable', '1987', 920.96),
(287, 'Hort', 'Dr', '1917', 252.72),
(288, 'Lea', 'Rev', '2021', 395.15),
(289, 'Sinclare', 'Mr', '2018', 799.84),
(290, 'Constantine', 'Ms', '1992', 63.85),
(291, 'Pet', 'Mrs', '1954', 849.89),
(292, 'Brittani', 'Dr', '1947', 70.41),
(293, 'Erl', 'Ms', '1960', 467.62),
(294, 'Paten', 'Ms', '1932', 644.56),
(295, 'Benedick', 'Dr', '2020', 112.99),
(296, 'Jean', 'Rev', '1976', 271.33),
(297, 'Theadora', 'Honorable', '2021', 761.98),
(298, 'Adella', 'Dr', '2015', 997.39),
(299, 'Verena', 'Ms', '1999', 807.73),
(300, 'Darill', 'Dr', '1906', 386.58),
(301, 'Mirilla', 'Rev', '1982', 956.73),
(302, 'Teresina', 'Mrs', '1922', 239.40),
(303, 'Oralie', 'Dr', '1967', 101.90),
(304, 'Sean', 'Mrs', '2019', 487.44),
(305, 'Dulcia', 'Rev', '1959', 686.92),
(306, 'Mead', 'Mrs', '1931', 692.27),
(307, 'Emelda', 'Rev', '1994', 615.51),
(308, 'Bordy', 'Ms', '1905', 461.52),
(309, 'Carolan', 'Honorable', '1939', 830.03),
(310, 'Germana', 'Mr', '1926', 611.74),
(311, 'Cordie', 'Mr', '1948', 373.97),
(312, 'Kenon', 'Honorable', '2000', 811.54),
(313, 'Arnie', 'Ms', '1948', 72.85),
(314, 'Karola', 'Dr', '1954', 271.92),
(315, 'Vivien', 'Rev', '1986', 854.27),
(316, 'Leonore', 'Mrs', '1907', 969.55),
(317, 'Jackson', 'Mr', '1910', 100.55),
(318, 'Thia', 'Dr', '2003', 339.89),
(319, 'Hailee', 'Ms', '1962', 166.25),
(320, 'Brandy', 'Dr', '1994', 425.02),
(321, 'Ilario', 'Dr', '1963', 934.35),
(322, 'Gaultiero', 'Ms', '1943', 956.24),
(323, 'Cris', 'Mrs', '1947', 655.44),
(324, 'Leeann', 'Dr', '1978', 507.65),
(325, 'Lydia', 'Rev', '1942', 683.58),
(326, 'Leupold', 'Dr', '1966', 936.90),
(327, 'Calhoun', 'Mr', '2013', 760.03),
(328, 'Ronnie', 'Ms', '1904', 589.75),
(329, 'Rafi', 'Rev', '1995', 472.08),
(330, 'Artemis', 'Mr', '1927', 487.79),
(331, 'Tamera', 'Rev', '1904', 220.22),
(332, 'Rodd', 'Mr', '2000', 126.64),
(333, 'Lindsy', 'Honorable', '1949', 87.93),
(334, 'Annetta', 'Ms', '1996', 802.71),
(335, 'Engracia', 'Ms', '1934', 453.25),
(336, 'Hashim', 'Mr', '1985', 378.37),
(337, 'Bamby', 'Mr', '1990', 8.22),
(338, 'Mortie', 'Ms', '1966', 264.20),
(339, 'Venita', 'Mr', '1956', 796.29),
(340, 'Meaghan', 'Dr', '1911', 953.40),
(341, 'Illa', 'Mr', '2002', 529.02),
(342, 'Bethina', 'Ms', '2009', 468.30),
(343, 'Agosto', 'Mr', '1910', 677.96),
(344, 'Poppy', 'Dr', '1943', 382.36),
(345, 'Alidia', 'Mrs', '1985', 861.16),
(346, 'Nicol', 'Rev', '1998', 890.01),
(347, 'Ophelia', 'Dr', '2003', 920.97),
(348, 'Hailey', 'Mrs', '1993', 943.71),
(349, 'Miner', 'Honorable', '1987', 447.59),
(350, 'Ole', 'Ms', '1996', 419.50),
(351, 'Remy', 'Rev', '1920', 382.61),
(352, 'Frederigo', 'Mrs', '1926', 2.03),
(353, 'Janet', 'Dr', '1935', 559.73),
(354, 'Lars', 'Mr', '1994', 798.16),
(355, 'Nettle', 'Ms', '1905', 322.21),
(356, 'Staci', 'Mrs', '1974', 625.11),
(357, 'Merissa', 'Rev', '1912', 659.50),
(358, 'Spense', 'Ms', '1984', 647.12),
(359, 'Anna-diana', 'Dr', '1991', 113.86),
(360, 'Willi', 'Rev', '1916', 979.70),
(361, 'Katine', 'Mr', '2011', 861.57),
(362, 'Theo', 'Mrs', '1922', 913.67),
(363, 'Gilberta', 'Ms', '2018', 342.18),
(364, 'Gertruda', 'Rev', '1984', 902.39),
(365, 'Erie', 'Honorable', '1936', 517.28),
(366, 'Daniel', 'Rev', '1906', 280.30),
(367, 'Wallie', 'Ms', '1980', 749.78),
(368, 'Marietta', 'Dr', '1981', 397.07),
(369, 'Merralee', 'Mr', '1984', 550.56),
(370, 'Artemas', 'Ms', '1999', 877.36),
(371, 'Leda', 'Honorable', '1958', 451.13),
(372, 'Ronda', 'Honorable', '1960', 829.42),
(373, 'Gonzalo', 'Rev', '1961', 78.23),
(374, 'Tisha', 'Ms', '2012', 665.18),
(375, 'Esdras', 'Dr', '1983', 332.91),
(376, 'Jessalyn', 'Dr', '1993', 755.04),
(377, 'Lacee', 'Rev', '1998', 486.45),
(378, 'Merrill', 'Mr', '2003', 793.56),
(379, 'Parsifal', 'Mrs', '1911', 34.10),
(380, 'Allison', 'Mrs', '1942', 773.33),
(381, 'Koral', 'Honorable', '2010', 80.82),
(382, 'Rolland', 'Mrs', '2004', 441.22),
(383, 'Priscella', 'Mrs', '1963', 676.83),
(384, 'Cody', 'Ms', '1901', 779.42),
(385, 'Teirtza', 'Ms', '1903', 391.48),
(386, 'Kelley', 'Dr', '1975', 866.05),
(387, 'Donella', 'Dr', '1979', 283.89),
(388, 'Simmonds', 'Mr', '1972', 966.93),
(389, 'Reta', 'Honorable', '1931', 472.65),
(390, 'Sally', 'Ms', '1972', 813.18),
(391, 'Clareta', 'Rev', '1930', 195.70),
(392, 'Morna', 'Honorable', '1997', 172.56),
(393, 'Herculie', 'Ms', '2000', 340.28),
(394, 'Katusha', 'Ms', '1927', 203.60),
(395, 'Hermione', 'Honorable', '1901', 187.67),
(396, 'Mathe', 'Dr', '1959', 494.96),
(397, 'Wald', 'Mrs', '1966', 815.52),
(398, 'Ali', 'Dr', '1902', 87.84),
(399, 'Orelee', 'Rev', '1914', 821.52),
(400, 'Vaughn', 'Mrs', '1938', 694.47),
(401, 'Alane', 'Ms', '1920', 183.30),
(402, 'Laird', 'Honorable', '1955', 180.08),
(403, 'Ulick', 'Mr', '2018', 721.14),
(404, 'Lucienne', 'Mrs', '1993', 911.55),
(405, 'Farrand', 'Ms', '1960', 745.97),
(406, 'Kaile', 'Ms', '1968', 99.49),
(407, 'Rossy', 'Rev', '1956', 325.68),
(408, 'Beaufort', 'Rev', '1990', 355.53),
(409, 'Zolly', 'Rev', '1929', 181.69),
(410, 'Gayel', 'Rev', '1910', 679.08),
(411, 'Rycca', 'Rev', '1907', 912.41),
(412, 'Stella', 'Rev', '2017', 893.99),
(413, 'Joanie', 'Honorable', '1927', 241.24),
(414, 'Annmarie', 'Mr', '1931', 860.76),
(415, 'Ester', 'Rev', '1927', 202.59),
(416, 'Heidie', 'Mr', '2009', 153.72),
(417, 'Konrad', 'Dr', '1977', 348.08),
(418, 'Randy', 'Mrs', '1920', 340.21),
(419, 'Germana', 'Ms', '2002', 575.04),
(420, 'Syman', 'Honorable', '2017', 99.74),
(421, 'Marjorie', 'Honorable', '1953', 791.07),
(422, 'Hewie', 'Honorable', '1916', 720.23),
(423, 'Sharyl', 'Ms', '1996', 976.57),
(424, 'Marven', 'Honorable', '2013', 171.07),
(425, 'Corie', 'Dr', '1984', 400.17),
(426, 'Allan', 'Ms', '1925', 831.55),
(427, 'Rurik', 'Mrs', '1944', 107.43),
(428, 'Bettina', 'Mrs', '1978', 330.33),
(429, 'Guinevere', 'Mrs', '1917', 253.28),
(430, 'Hort', 'Mr', '1901', 49.51),
(431, 'Leshia', 'Mrs', '1940', 436.90),
(432, 'Joane', 'Ms', '1950', 336.12),
(433, 'Liv', 'Honorable', '1997', 511.91),
(434, 'Emelyne', 'Honorable', '1944', 470.70),
(435, 'Nickolaus', 'Ms', '2021', 582.96),
(436, 'Corabella', 'Dr', '1917', 690.77),
(437, 'Meghan', 'Ms', '1904', 932.49),
(438, 'Sharlene', 'Mr', '1944', 654.07),
(439, 'Tracy', 'Mr', '1902', 185.35),
(440, 'Tamarah', 'Ms', '1995', 150.28),
(441, 'Eugen', 'Honorable', '0000', 505.33),
(442, 'Laura', 'Mrs', '1929', 975.62),
(443, 'Shane', 'Dr', '1921', 939.66),
(444, 'Gerri', 'Ms', '1960', 753.92),
(445, 'Nadeen', 'Dr', '2004', 256.32),
(446, 'Bertine', 'Rev', '1963', 23.44),
(447, 'Harlie', 'Rev', '1953', 229.06),
(448, 'Obadias', 'Mr', '2015', 720.88),
(449, 'Annabell', 'Honorable', '2008', 973.89),
(450, 'Huberto', 'Mrs', '1946', 650.87),
(451, 'Dorry', 'Rev', '1952', 914.99),
(452, 'Dodie', 'Dr', '1979', 529.77),
(453, 'Theo', 'Dr', '1959', 622.03),
(454, 'Mallory', 'Honorable', '1986', 893.46),
(455, 'Osborn', 'Honorable', '1906', 916.26),
(456, 'Wilfred', 'Ms', '1943', 336.37),
(457, 'Aubrey', 'Mrs', '1993', 256.37),
(458, 'Belinda', 'Ms', '1929', 496.73),
(459, 'Gordan', 'Honorable', '1928', 786.29),
(460, 'Artemus', 'Dr', '1961', 937.91),
(461, 'Bekki', 'Mrs', '2010', 733.79),
(462, 'Tilda', 'Honorable', '2003', 124.99),
(463, 'Victor', 'Rev', '1955', 345.24),
(464, 'Huberto', 'Dr', '1968', 417.86),
(465, 'Guss', 'Rev', '1961', 170.24),
(466, 'Jase', 'Mr', '1964', 919.59),
(467, 'Luelle', 'Mrs', '2012', 128.93),
(468, 'Tallie', 'Mr', '1957', 937.21),
(469, 'Caritta', 'Honorable', '1902', 922.53),
(470, 'Verna', 'Honorable', '1993', 603.53),
(471, 'Morry', 'Ms', '1927', 508.77),
(472, 'Yule', 'Mrs', '1904', 372.74),
(473, 'Dot', 'Ms', '2012', 918.13),
(474, 'Granville', 'Mr', '1954', 346.57),
(475, 'Janel', 'Honorable', '1950', 688.41),
(476, 'Cesar', 'Mrs', '1984', 391.45),
(477, 'Tannie', 'Dr', '1905', 787.68),
(478, 'Teddy', 'Rev', '1909', 101.85),
(479, 'Rees', 'Dr', '2012', 201.13),
(480, 'Abbie', 'Rev', '1912', 961.26),
(481, 'Flem', 'Dr', '1980', 144.70),
(482, 'Averill', 'Mr', '1995', 335.70),
(483, 'Dorolice', 'Dr', '1936', 909.78),
(484, 'Stace', 'Ms', '1990', 79.96),
(485, 'Dyana', 'Ms', '1950', 699.21),
(486, 'Durant', 'Mrs', '1994', 753.99),
(487, 'Kipper', 'Rev', '1992', 535.65),
(488, 'Roana', 'Rev', '1981', 273.31),
(489, 'Maurizia', 'Mrs', '2020', 510.36),
(490, 'Irwinn', 'Mrs', '2019', 110.88),
(491, 'Pauly', 'Mrs', '2005', 678.40),
(492, 'Gelya', 'Honorable', '1925', 651.51),
(493, 'Enos', 'Dr', '1916', 101.68),
(494, 'Margret', 'Honorable', '1979', 478.34),
(495, 'Ofilia', 'Honorable', '1981', 537.10),
(496, 'Heall', 'Dr', '2015', 148.45),
(497, 'Chrissie', 'Dr', '1980', 237.91),
(498, 'Allys', 'Dr', '1939', 209.42),
(499, 'Rossy', 'Mrs', '1963', 943.42),
(500, 'Jolene', 'Rev', '1966', 721.36),
(501, 'Quint', 'Ms', '1963', 290.95),
(502, 'Silvia', 'Rev', '1902', 791.61),
(503, 'Anthia', 'Mrs', '1982', 266.08),
(504, 'Chloette', 'Mr', '1902', 996.82),
(505, 'Evin', 'Mr', '1904', 303.10),
(506, 'Jacklyn', 'Rev', '1940', 492.32),
(507, 'Enriqueta', 'Honorable', '2001', 409.23),
(508, 'Darryl', 'Dr', '1959', 201.18),
(509, 'Simone', 'Dr', '2004', 327.10),
(510, 'Sosanna', 'Mr', '1965', 99.62),
(511, 'Archibaldo', 'Rev', '2017', 898.34),
(512, 'Arluene', 'Rev', '1960', 127.77),
(513, 'Jordon', 'Mrs', '1957', 777.69),
(514, 'Aloysia', 'Honorable', '1969', 385.13),
(515, 'Cassey', 'Mr', '1901', 154.37),
(516, 'Chip', 'Honorable', '1907', 429.45),
(517, 'Reggie', 'Rev', '1903', 243.11),
(518, 'Brett', 'Ms', '1963', 536.45),
(519, 'Francisco', 'Honorable', '1936', 379.54),
(520, 'Adlai', 'Ms', '2008', 404.99),
(521, 'Fawn', 'Honorable', '1931', 415.25),
(522, 'Johnnie', 'Mr', '1962', 837.95),
(523, 'Bryanty', 'Rev', '1922', 497.24),
(524, 'Modestia', 'Rev', '2006', 444.68),
(525, 'Meridith', 'Mr', '1988', 524.45),
(526, 'Micheline', 'Mr', '1964', 939.89),
(527, 'Anya', 'Rev', '1966', 524.27),
(528, 'Lonee', 'Ms', '2019', 333.32),
(529, 'Amargo', 'Honorable', '1988', 455.11),
(530, 'Jamesy', 'Dr', '1985', 112.68),
(531, 'Mair', 'Rev', '1995', 312.25),
(532, 'Fredrick', 'Mrs', '1950', 100.86),
(533, 'Marika', 'Dr', '2011', 800.27),
(534, 'Jarret', 'Dr', '1982', 459.52),
(535, 'Domeniga', 'Ms', '0000', 62.37),
(536, 'Mathias', 'Dr', '1929', 946.22),
(537, 'Carine', 'Mr', '1916', 179.08),
(538, 'Alejoa', 'Dr', '1947', 355.39),
(539, 'Marlowe', 'Rev', '1921', 449.38),
(540, 'Brandie', 'Rev', '1904', 693.18),
(541, 'Clair', 'Dr', '1936', 842.19),
(542, 'Orville', 'Honorable', '2018', 714.04),
(543, 'Elyn', 'Dr', '2022', 678.85),
(544, 'Heriberto', 'Mr', '1926', 317.68),
(545, 'Jared', 'Dr', '1917', 251.02),
(546, 'Hayward', 'Ms', '1964', 105.57),
(547, 'Dillie', 'Mrs', '2008', 707.17),
(548, 'Nicoli', 'Mr', '2014', 688.74),
(549, 'Britni', 'Ms', '1968', 454.48),
(550, 'Thomasine', 'Mr', '1961', 344.31),
(551, 'Ives', 'Mrs', '1919', 551.67),
(552, 'Natasha', 'Rev', '1923', 913.05),
(553, 'Devi', 'Mr', '1914', 219.49),
(554, 'Giffer', 'Rev', '1971', 739.68),
(555, 'Kellen', 'Mrs', '2014', 161.14),
(556, 'Herminia', 'Honorable', '1921', 201.55),
(557, 'Shoshana', 'Mrs', '1964', 212.03),
(558, 'Cosette', 'Rev', '2012', 288.09),
(559, 'Tim', 'Rev', '1927', 680.11),
(560, 'Johnathan', 'Ms', '1996', 322.17),
(561, 'Bank', 'Ms', '2014', 391.67),
(562, 'Camel', 'Ms', '2005', 351.26),
(563, 'Roana', 'Rev', '0000', 60.92),
(564, 'Cris', 'Rev', '1960', 897.42),
(565, 'Tony', 'Mr', '1973', 44.16),
(566, 'Kyla', 'Dr', '1958', 997.94),
(567, 'Barny', 'Ms', '1970', 65.06),
(568, 'Anatola', 'Dr', '1909', 13.49),
(569, 'Giuseppe', 'Mrs', '1959', 626.43),
(570, 'Constancia', 'Ms', '2005', 398.59),
(571, 'Sibbie', 'Honorable', '1906', 59.09),
(572, 'Ralf', 'Honorable', '1983', 784.69),
(573, 'Hilarius', 'Mrs', '1924', 783.55),
(574, 'Roman', 'Mr', '1987', 978.24),
(575, 'Waldemar', 'Rev', '1960', 623.94),
(576, 'Osbourne', 'Rev', '1946', 824.20),
(577, 'Cesya', 'Mrs', '1926', 834.08),
(578, 'Harland', 'Mr', '1960', 164.35),
(579, 'Myer', 'Honorable', '1951', 198.84),
(580, 'Babs', 'Mr', '1906', 4.81),
(581, 'Courtnay', 'Rev', '1956', 81.48),
(582, 'Tuesday', 'Rev', '2020', 939.28),
(583, 'Dean', 'Rev', '2022', 447.92),
(584, 'Cindy', 'Mrs', '1915', 171.25),
(585, 'Courtnay', 'Mrs', '1947', 749.15),
(586, 'Errick', 'Dr', '1946', 920.72),
(587, 'Kiah', 'Dr', '1933', 46.71),
(588, 'Benyamin', 'Ms', '2001', 988.01),
(589, 'Barbee', 'Dr', '1981', 100.43),
(590, 'Clem', 'Rev', '1983', 480.09),
(591, 'Herc', 'Mr', '1984', 832.26),
(592, 'Sammy', 'Ms', '1991', 101.29),
(593, 'Ramsay', 'Honorable', '1971', 361.80),
(594, 'Ozzie', 'Ms', '1982', 211.11),
(595, 'Tera', 'Mrs', '1971', 357.68),
(596, 'Donalt', 'Mr', '1965', 499.68),
(597, 'Kathryne', 'Mr', '1947', 70.35),
(598, 'Dotti', 'Ms', '1995', 344.86),
(599, 'Mac', 'Mrs', '1959', 154.40),
(600, 'Hugo', 'Ms', '1950', 611.08),
(601, 'Bennie', 'Honorable', '1920', 34.43),
(602, 'Sybilla', 'Ms', '1918', 308.54),
(603, 'Rorie', 'Rev', '1957', 325.02),
(604, 'Donaugh', 'Honorable', '1912', 62.36),
(605, 'Lorant', 'Rev', '1922', 933.87),
(606, 'Jody', 'Mrs', '2014', 964.67),
(607, 'Ardith', 'Ms', '1977', 603.05),
(608, 'Darsie', 'Dr', '1968', 12.53),
(609, 'Leanora', 'Rev', '1973', 958.21),
(610, 'Carolyn', 'Mrs', '1910', 517.27),
(611, 'Ardyth', 'Mr', '1933', 271.50),
(612, 'Gaby', 'Mr', '1943', 476.74),
(613, 'Kesley', 'Rev', '1906', 734.57),
(614, 'Ebony', 'Rev', '1989', 29.77),
(615, 'Hermia', 'Mrs', '1936', 33.64),
(616, 'Izak', 'Mrs', '1910', 534.56),
(617, 'Lyssa', 'Ms', '1940', 835.34),
(618, 'Vladamir', 'Honorable', '1988', 517.55),
(619, 'Bret', 'Mrs', '1999', 398.15),
(620, 'Vinni', 'Ms', '1990', 523.48),
(621, 'Guillemette', 'Ms', '1979', 778.96),
(622, 'Brennen', 'Mr', '1987', 44.20),
(623, 'Demetre', 'Dr', '2006', 740.94),
(624, 'Isaiah', 'Mrs', '1942', 192.15),
(625, 'Tonnie', 'Mrs', '1935', 116.16),
(626, 'Arluene', 'Mr', '1992', 269.71),
(627, 'Greta', 'Ms', '2014', 53.67),
(628, 'Annice', 'Rev', '1911', 476.02),
(629, 'Natka', 'Ms', '1953', 945.65),
(630, 'Mignon', 'Ms', '1986', 908.49),
(631, 'Brigitta', 'Honorable', '1944', 933.97),
(632, 'Carri', 'Rev', '1961', 435.63),
(633, 'Anna', 'Mrs', '1940', 856.49),
(634, 'Bibby', 'Ms', '1926', 930.87),
(635, 'Rees', 'Ms', '1984', 81.09),
(636, 'Josselyn', 'Mr', '1926', 306.22),
(637, 'Corine', 'Honorable', '1902', 163.68),
(638, 'Niel', 'Mrs', '1949', 901.30),
(639, 'Bearnard', 'Ms', '1918', 113.28),
(640, 'Paolo', 'Rev', '1904', 120.79),
(641, 'Lotti', 'Mrs', '1929', 17.01),
(642, 'Calley', 'Honorable', '1904', 191.35),
(643, 'Priscilla', 'Mrs', '2007', 117.46),
(644, 'Corey', 'Ms', '1943', 643.59),
(645, 'Beth', 'Dr', '1937', 673.57),
(646, 'Ilka', 'Mr', '1984', 959.90),
(647, 'Alvera', 'Ms', '2013', 513.40),
(648, 'Nessi', 'Ms', '1955', 716.46),
(649, 'Washington', 'Mr', '1937', 883.35),
(650, 'Courtney', 'Honorable', '1985', 574.89),
(651, 'Odella', 'Mrs', '1984', 883.15),
(652, 'Clemmy', 'Honorable', '1916', 191.02),
(653, 'Amberly', 'Honorable', '1904', 734.39),
(654, 'Winnie', 'Mr', '1915', 920.09),
(655, 'Bourke', 'Mr', '1914', 345.96),
(656, 'Luciano', 'Mr', '1914', 970.57),
(657, 'Cleon', 'Honorable', '2004', 327.58),
(658, 'Winona', 'Ms', '1969', 349.41),
(659, 'Jobina', 'Ms', '1922', 72.85),
(660, 'Querida', 'Mrs', '1998', 944.16),
(661, 'Nedi', 'Dr', '1954', 596.40),
(662, 'Iseabal', 'Dr', '1939', 54.82),
(663, 'Max', 'Ms', '2000', 897.08),
(664, 'Ricoriki', 'Mrs', '2008', 229.24),
(665, 'Levin', 'Mrs', '1999', 873.21),
(666, 'Saundra', 'Ms', '1911', 266.50),
(667, 'Svend', 'Honorable', '1997', 210.02),
(668, 'Davie', 'Mr', '2015', 388.99),
(669, 'Robinetta', 'Rev', '1962', 663.56),
(670, 'Gherardo', 'Rev', '2018', 641.73),
(671, 'Marian', 'Ms', '1943', 722.55),
(672, 'Karoly', 'Mr', '1983', 37.13),
(673, 'Robbyn', 'Mrs', '1925', 986.18),
(674, 'Madelle', 'Mr', '1966', 991.84),
(675, 'Wallace', 'Ms', '1938', 369.35),
(676, 'Emelita', 'Rev', '1992', 580.27),
(677, 'Kalle', 'Rev', '2021', 815.57),
(678, 'Tarrah', 'Honorable', '2018', 905.47),
(679, 'Thomasine', 'Dr', '1996', 402.37),
(680, 'Jules', 'Ms', '1907', 816.62),
(681, 'Giavani', 'Mrs', '1996', 442.74),
(682, 'Aymer', 'Mr', '1984', 643.73),
(683, 'Penn', 'Ms', '1957', 83.32),
(684, 'Hyacinth', 'Mr', '1966', 282.81),
(685, 'Tull', 'Ms', '1945', 808.00),
(686, 'Stanislas', 'Honorable', '2019', 884.60),
(687, 'Townie', 'Mr', '2005', 831.61),
(688, 'Shayne', 'Honorable', '2011', 651.88),
(689, 'Russ', 'Mrs', '2001', 397.00),
(690, 'Matthus', 'Mr', '1985', 801.28),
(691, 'Emlyn', 'Honorable', '1998', 732.63),
(692, 'Rodrigo', 'Mr', '1996', 967.65),
(693, 'Regan', 'Honorable', '1911', 299.21),
(694, 'Solly', 'Rev', '1913', 166.70),
(695, 'Rhianna', 'Mrs', '1903', 889.16),
(696, 'Dion', 'Rev', '1930', 438.24),
(697, 'Grata', 'Mrs', '1910', 551.65),
(698, 'Taffy', 'Dr', '2003', 770.02),
(699, 'Bryn', 'Ms', '1979', 278.57),
(700, 'Dita', 'Ms', '1932', 421.57),
(701, 'Hugo', 'Ms', '1925', 125.21),
(702, 'Rickard', 'Dr', '1981', 875.68),
(703, 'Annamarie', 'Honorable', '1964', 804.54),
(704, 'Cahra', 'Mr', '1964', 746.41),
(705, 'Chase', 'Mr', '1984', 220.33),
(706, 'Pattie', 'Mrs', '1966', 940.64),
(707, 'Brit', 'Honorable', '2001', 312.09),
(708, 'Cherianne', 'Ms', '1974', 343.80),
(709, 'Bayard', 'Dr', '1959', 655.36),
(710, 'Andrey', 'Mr', '1930', 557.92),
(711, 'Cherilyn', 'Honorable', '1951', 833.74),
(712, 'Emmye', 'Honorable', '1905', 160.74),
(713, 'Cullin', 'Rev', '2021', 137.52),
(714, 'Octavia', 'Ms', '1922', 525.23),
(715, 'Lanie', 'Dr', '1913', 480.15),
(716, 'Shannen', 'Mrs', '1957', 939.35),
(717, 'Hermia', 'Mr', '1945', 103.57),
(718, 'Dre', 'Dr', '1931', 516.44),
(719, 'Eolande', 'Honorable', '1976', 584.18),
(720, 'Tracey', 'Mr', '1934', 70.46),
(721, 'Basil', 'Dr', '1997', 157.45),
(722, 'Jerome', 'Ms', '1960', 299.76),
(723, 'Julian', 'Rev', '1984', 978.14),
(724, 'Jocelyne', 'Mrs', '1931', 980.40),
(725, 'Weylin', 'Dr', '1992', 196.73),
(726, 'Christabel', 'Dr', '1919', 526.86),
(727, 'Ronna', 'Ms', '1905', 364.57),
(728, 'Zacharias', 'Mr', '1980', 637.75),
(729, 'Arlette', 'Mr', '1955', 601.66),
(730, 'Christal', 'Mrs', '1984', 722.95),
(731, 'Idaline', 'Mr', '2014', 194.13),
(732, 'Archibaldo', 'Honorable', '1916', 58.28),
(733, 'Emma', 'Dr', '1969', 405.89),
(734, 'Tremain', 'Rev', '1952', 526.05),
(735, 'Margaret', 'Mrs', '1994', 463.40),
(736, 'Desdemona', 'Honorable', '1998', 792.26),
(737, 'Alard', 'Mr', '2016', 598.02),
(738, 'Evvy', 'Ms', '1974', 492.67),
(739, 'Ned', 'Mr', '1924', 752.44),
(740, 'Joana', 'Rev', '2001', 681.77),
(741, 'Janeva', 'Dr', '1906', 131.04),
(742, 'Sunny', 'Mrs', '1916', 186.57),
(743, 'Arlee', 'Mr', '2009', 583.90),
(744, 'Buckie', 'Mr', '2021', 962.37),
(745, 'Sinclare', 'Rev', '1999', 513.08),
(746, 'Lizzy', 'Honorable', '2015', 244.99),
(747, 'Garret', 'Mrs', '0000', 804.16),
(748, 'Ruggiero', 'Rev', '1957', 845.68),
(749, 'Way', 'Dr', '1920', 394.03),
(750, 'Edie', 'Dr', '2004', 199.26),
(751, 'Alfredo', 'Mrs', '2001', 994.38),
(752, 'Bertie', 'Honorable', '1923', 480.99),
(753, 'Lane', 'Mr', '2011', 389.08),
(754, 'Devin', 'Honorable', '1920', 74.16),
(755, 'Sissy', 'Honorable', '1967', 618.22),
(756, 'Alli', 'Ms', '1932', 478.75),
(757, 'Hayden', 'Dr', '2010', 566.97),
(758, 'Drusi', 'Honorable', '1930', 189.58),
(759, 'Adriane', 'Rev', '2002', 787.52),
(760, 'Cathie', 'Dr', '1914', 169.10),
(761, 'Nolan', 'Mrs', '2017', 232.28),
(762, 'Trish', 'Mrs', '1931', 145.02),
(763, 'Simmonds', 'Mrs', '1953', 427.83),
(764, 'Guilbert', 'Rev', '1950', 261.26),
(765, 'Alverta', 'Ms', '1933', 531.05),
(766, 'Broderic', 'Dr', '1935', 163.52),
(767, 'Alysa', 'Rev', '1939', 787.88),
(768, 'Casar', 'Mrs', '1954', 581.19),
(769, 'Karoline', 'Rev', '1969', 778.05),
(770, 'Lisette', 'Ms', '2019', 980.92),
(771, 'Johann', 'Mr', '1975', 63.11),
(772, 'Justinian', 'Ms', '1985', 727.29),
(773, 'Virgina', 'Mr', '1956', 978.96),
(774, 'Shurwood', 'Mrs', '1977', 405.09),
(775, 'Meredithe', 'Ms', '1931', 585.35),
(776, 'Reta', 'Mr', '1993', 208.38),
(777, 'Jack', 'Mr', '2007', 198.03),
(778, 'Wade', 'Dr', '1928', 882.22),
(779, 'Gabrila', 'Honorable', '1957', 169.03),
(780, 'Faustine', 'Ms', '1918', 316.46),
(781, 'Dari', 'Rev', '1905', 534.60),
(782, 'Jillie', 'Honorable', '1914', 983.71),
(783, 'Bevin', 'Mr', '1910', 643.34),
(784, 'Lew', 'Honorable', '1917', 959.76),
(785, 'Erick', 'Ms', '1905', 50.03),
(786, 'Minna', 'Mr', '1960', 981.12),
(787, 'Elysee', 'Ms', '1989', 16.02),
(788, 'Clemence', 'Rev', '1927', 251.14),
(789, 'Gamaliel', 'Dr', '1965', 787.17),
(790, 'Connie', 'Honorable', '2004', 987.64),
(791, 'Babbette', 'Honorable', '1961', 203.97),
(792, 'Conroy', 'Honorable', '1992', 860.48),
(793, 'Rafaelia', 'Honorable', '1984', 29.99),
(794, 'Noe', 'Mr', '1931', 596.64),
(795, 'Phineas', 'Dr', '1915', 718.54),
(796, 'Taber', 'Dr', '1944', 399.13),
(797, 'Katha', 'Mrs', '1915', 81.07),
(798, 'Mal', 'Dr', '1939', 176.56),
(799, 'Sutherland', 'Rev', '2008', 204.79),
(800, 'Sholom', 'Dr', '1954', 76.05),
(801, 'Marketa', 'Ms', '1992', 368.33),
(802, 'Case', 'Mrs', '1964', 836.46),
(803, 'Allan', 'Dr', '1924', 105.96),
(804, 'Stanfield', 'Rev', '1920', 535.75),
(805, 'Constantin', 'Mrs', '1912', 945.10),
(806, 'Yulma', 'Mrs', '1949', 710.11),
(807, 'Lyndsie', 'Rev', '1919', 643.17),
(808, 'Franky', 'Mrs', '1904', 122.61),
(809, 'Terri', 'Honorable', '2022', 32.48),
(810, 'Enriqueta', 'Honorable', '1936', 115.61),
(811, 'Alissa', 'Honorable', '1930', 912.40),
(813, 'Doralynne', 'Mrs', '1904', 968.10),
(814, 'Simonne', 'Ms', '1927', 536.78),
(815, 'Fitzgerald', 'Honorable', '2013', 391.99),
(816, 'Osgood', 'Honorable', '1933', 636.80),
(817, 'Clayborn', 'Mrs', '1919', 242.42),
(818, 'Konstantin', 'Dr', '2017', 505.16),
(819, 'Derril', 'Honorable', '1966', 145.04),
(820, 'Alice', 'Mrs', '2016', 967.80),
(821, 'Matthiew', 'Mr', '1993', 34.40),
(822, 'Dane', 'Rev', '1969', 315.28),
(823, 'Daryn', 'Dr', '1949', 453.55),
(824, 'Clim', 'Ms', '1979', 902.59),
(825, 'Alvira', 'Honorable', '1935', 389.82),
(826, 'Michaelina', 'Rev', '1974', 494.56),
(827, 'Muhammad', 'Mr', '1903', 285.66),
(828, 'Pedro', 'Honorable', '1972', 799.68),
(829, 'Doro', 'Honorable', '1944', 930.11),
(830, 'Devinne', 'Honorable', '1923', 724.08),
(831, 'Cobb', 'Honorable', '1909', 828.09),
(832, 'Jorrie', 'Mrs', '2001', 350.63),
(833, 'Margarethe', 'Rev', '1901', 963.04),
(834, 'Selia', 'Honorable', '1970', 884.98),
(835, 'Donna', 'Mrs', '1995', 888.20),
(836, 'Rochelle', 'Rev', '1904', 731.65),
(837, 'Magdalena', 'Mr', '1946', 514.70),
(838, 'Westbrook', 'Mrs', '2011', 944.97),
(839, 'Cathie', 'Dr', '1964', 767.91),
(840, 'Nana', 'Ms', '1965', 441.76),
(841, 'Melinda', 'Mr', '1914', 724.17),
(842, 'Orv', 'Dr', '1969', 787.48),
(843, 'Brucie', 'Mr', '2019', 383.07),
(844, 'Towny', 'Mr', '2013', 708.33),
(845, 'Rosalynd', 'Rev', '1910', 252.31),
(846, 'Vasily', 'Ms', '1960', 0.98),
(847, 'Burty', 'Ms', '1909', 243.29),
(848, 'Arabelle', 'Honorable', '1913', 440.16),
(849, 'Rosabella', 'Mrs', '1987', 296.49),
(850, 'Franni', 'Ms', '2011', 190.89),
(851, 'Chev', 'Mr', '1908', 36.34),
(852, 'Pablo', 'Rev', '1979', 533.67),
(853, 'Bendix', 'Rev', '1991', 25.03),
(854, 'Melisande', 'Rev', '1940', 690.27),
(855, 'Leonardo', 'Ms', '1996', 378.03),
(856, 'Chan', 'Mrs', '1988', 357.64),
(857, 'Gran', 'Dr', '1940', 566.49),
(858, 'Rhodie', 'Mrs', '1974', 490.64),
(859, 'Amalea', 'Rev', '1979', 105.47),
(860, 'Nolie', 'Ms', '1912', 249.05),
(861, 'Delly', 'Mr', '2014', 530.97),
(862, 'Reinald', 'Honorable', '2019', 746.54),
(863, 'Renaud', 'Mr', '2013', 937.26),
(864, 'Bink', 'Mr', '2004', 459.51),
(865, 'Gilberto', 'Mr', '1989', 434.67),
(866, 'Ethyl', 'Ms', '2005', 145.55),
(867, 'Jocelyne', 'Honorable', '2020', 296.88),
(868, 'Fabiano', 'Rev', '1986', 792.79),
(869, 'Archambault', 'Rev', '1967', 588.55),
(870, 'Esma', 'Honorable', '1965', 152.01),
(871, 'Maurice', 'Rev', '2009', 853.53),
(872, 'Tymon', 'Honorable', '2001', 45.82),
(873, 'June', 'Ms', '2017', 842.48),
(874, 'Sergei', 'Mrs', '1951', 373.82),
(875, 'Horatius', 'Ms', '1972', 110.14),
(876, 'Izaak', 'Honorable', '1911', 923.79),
(877, 'Ancell', 'Mr', '1961', 138.54),
(878, 'Vicky', 'Mr', '1972', 243.31),
(879, 'Cherry', 'Mrs', '1921', 979.64),
(880, 'Cirilo', 'Ms', '1982', 654.85),
(881, 'Mildred', 'Honorable', '1987', 181.37),
(882, 'Shelley', 'Honorable', '1911', 828.78),
(883, 'Norton', 'Honorable', '1956', 593.81),
(884, 'Marijo', 'Rev', '1985', 64.53),
(885, 'Anatole', 'Ms', '1995', 952.32),
(886, 'Nollie', 'Rev', '1923', 637.83),
(887, 'Blair', 'Ms', '1945', 172.28),
(888, 'Virge', 'Mr', '1912', 725.48),
(889, 'Rafaellle', 'Ms', '1979', 323.70),
(890, 'Emelia', 'Rev', '1936', 987.54),
(891, 'Bette-ann', 'Rev', '1985', 336.81),
(892, 'Morna', 'Dr', '1931', 360.98),
(893, 'Randell', 'Dr', '1965', 63.34),
(894, 'Petrina', 'Mr', '1917', 200.24),
(895, 'Charita', 'Rev', '1947', 285.90),
(896, 'Reyna', 'Ms', '1906', 829.47),
(897, 'Conrad', 'Dr', '1981', 769.09),
(898, 'Brandi', 'Mr', '1914', 20.80),
(899, 'Roseanna', 'Ms', '2011', 972.36),
(900, 'Maible', 'Dr', '2005', 718.69),
(901, 'Marylin', 'Ms', '1939', 639.08),
(902, 'Manfred', 'Mr', '1918', 107.81),
(903, 'Fanechka', 'Honorable', '1923', 845.87),
(904, 'Normand', 'Mrs', '1951', 512.64),
(905, 'Salome', 'Ms', '1942', 666.84),
(906, 'Sterne', 'Rev', '2003', 802.41),
(907, 'Kenna', 'Honorable', '2012', 59.75),
(908, 'Leigh', 'Dr', '1931', 501.36),
(909, 'Elbert', 'Mr', '1909', 147.47),
(910, 'Rinaldo', 'Dr', '1924', 408.31),
(911, 'Melodee', 'Honorable', '1967', 870.58),
(912, 'Forbes', 'Mr', '2002', 942.29),
(913, 'Tova', 'Dr', '2010', 449.22),
(914, 'Nolie', 'Mrs', '1952', 11.92),
(915, 'Carmelle', 'Mr', '1927', 268.45),
(916, 'Clement', 'Honorable', '1987', 567.57),
(917, 'Terese', 'Rev', '1957', 167.09),
(918, 'Raynell', 'Rev', '1985', 740.94),
(919, 'Lynn', 'Honorable', '1965', 887.24),
(920, 'Raleigh', 'Honorable', '1946', 946.96),
(921, 'Lorraine', 'Mrs', '2003', 975.64),
(922, 'Sabra', 'Dr', '1966', 424.54),
(923, 'Willi', 'Rev', '2005', 900.10),
(924, 'Jasen', 'Honorable', '1924', 852.79),
(925, 'Olympie', 'Honorable', '1977', 120.76),
(926, 'Layton', 'Honorable', '1961', 236.65),
(927, 'Otha', 'Mr', '1947', 351.77),
(928, 'Linc', 'Honorable', '1989', 752.90),
(929, 'Nessi', 'Rev', '1909', 732.61),
(930, 'Casey', 'Ms', '1926', 76.75),
(931, 'Fransisco', 'Mrs', '1944', 496.97),
(932, 'Moise', 'Dr', '1914', 885.28),
(933, 'Minetta', 'Mrs', '1999', 669.30),
(934, 'Emilia', 'Ms', '1914', 828.41),
(935, 'Jemmy', 'Ms', '1944', 92.92),
(936, 'Thalia', 'Ms', '1993', 366.33),
(937, 'Aubrey', 'Mr', '1922', 31.60),
(938, 'Cherianne', 'Ms', '1908', 523.46),
(939, 'Glenn', 'Mrs', '1957', 133.00),
(940, 'Rorie', 'Ms', '1950', 408.75),
(941, 'Eolanda', 'Dr', '1993', 482.49),
(942, 'Mahala', 'Dr', '1918', 199.48),
(943, 'Corena', 'Honorable', '1948', 913.11),
(944, 'Laina', 'Mrs', '1963', 950.25),
(945, 'Carri', 'Honorable', '1913', 700.93),
(946, 'Scottie', 'Mrs', '1950', 110.48),
(947, 'Welch', 'Ms', '1928', 0.36),
(948, 'Ellynn', 'Honorable', '2016', 740.96),
(949, 'Hannis', 'Mrs', '1958', 713.04),
(950, 'Dennet', 'Mrs', '1994', 729.86),
(951, 'Clemente', 'Ms', '2017', 196.95),
(952, 'Lesly', 'Ms', '1955', 79.12),
(953, 'Guenna', 'Dr', '1964', 738.29),
(954, 'Lewes', 'Rev', '1953', 713.02),
(955, 'Menard', 'Dr', '1908', 983.47),
(956, 'Anitra', 'Rev', '1923', 157.09),
(957, 'Fernando', 'Mrs', '1974', 954.75),
(958, 'Janis', 'Rev', '2000', 53.04),
(959, 'Corenda', 'Ms', '2000', 737.49),
(960, 'Maitilde', 'Rev', '1906', 619.55),
(961, 'Emmy', 'Mrs', '1999', 681.52),
(962, 'Haley', 'Mr', '1939', 802.12),
(963, 'Bren', 'Dr', '1965', 692.67),
(964, 'Sloane', 'Honorable', '1921', 87.06),
(965, 'Bernarr', 'Honorable', '2003', 641.36),
(966, 'Marthe', 'Mrs', '1961', 256.76),
(967, 'Alvie', 'Honorable', '1971', 215.01),
(968, 'Cosette', 'Mrs', '1915', 893.95),
(969, 'Efrem', 'Ms', '1953', 258.25),
(970, 'Ami', 'Dr', '1969', 816.99),
(971, 'Gabie', 'Ms', '2002', 593.72),
(972, 'Melania', 'Honorable', '1935', 81.87),
(973, 'Giulietta', 'Honorable', '1930', 258.16),
(974, 'Ado', 'Mrs', '1935', 223.26),
(975, 'Ferdinand', 'Ms', '1953', 587.37),
(976, 'Ariel', 'Ms', '1954', 202.59),
(977, 'Rora', 'Dr', '1930', 998.72),
(978, 'Cory', 'Dr', '1937', 359.16),
(979, 'Floyd', 'Rev', '2009', 799.77),
(980, 'Melvyn', 'Honorable', '2005', 92.59),
(981, 'Dorella', 'Dr', '2004', 694.82),
(982, 'Becca', 'Dr', '2017', 747.96),
(983, 'Broddie', 'Dr', '2003', 341.72),
(984, 'Zorine', 'Mr', '1915', 67.05),
(985, 'Rozanna', 'Honorable', '1909', 936.57),
(986, 'Winnie', 'Mrs', '1959', 820.53),
(987, 'Drusie', 'Rev', '1982', 204.91),
(988, 'Norry', 'Mrs', '1922', 655.69),
(989, 'Beatrisa', 'Rev', '1951', 316.50),
(990, 'Sapphira', 'Mrs', '1908', 399.09),
(991, 'Harlen', 'Rev', '2010', 339.36),
(992, 'Karil', 'Honorable', '1917', 961.62),
(993, 'Drucill', 'Rev', '2020', 841.08),
(994, 'Carlen', 'Ms', '1971', 248.60),
(995, 'Caralie', 'Mrs', '1992', 49.21),
(996, 'Gaye', 'Dr', '2000', 294.38),
(997, 'Chiarra', 'Mrs', '1927', 646.70),
(998, 'Sybil', 'Mrs', '1944', 948.08),
(999, 'Agnola', 'Mrs', '1922', 842.04),
(1000, 'Anne-corinne', 'Ms', '1996', 12.15),
(1001, 'Berkley', 'Dr', '1906', 9.91),
(1002, 'Micky', 'Mrs', '1993', 483.91),
(1003, 'Brynna', 'Rev', '1957', 754.62),
(1004, 'Alisa', 'Mr', '1993', 846.29),
(1005, 'Newton', 'Honorable', '1981', 961.02),
(1006, 'Beau', 'Ms', '1988', 786.92),
(1007, 'Janith', 'Honorable', '1926', 752.86),
(1008, 'Emmerich', 'Honorable', '1997', 859.42),
(1009, 'Alain', 'Ms', '1909', 864.05),
(1010, 'Mitchel', 'Mr', '1962', 119.37),
(1011, 'Tamqrah', 'Mrs', '2020', 917.32),
(1012, 'Timmy', 'Dr', '1956', 543.93),
(1013, 'Etan', 'Ms', '2013', 447.23),
(1014, 'Elena', 'Dr', '1960', 908.34),
(1015, 'Erny', 'Dr', '1936', 852.43),
(1016, 'Jeramey', 'Ms', '1997', 352.40),
(1017, 'Stacie', 'Ms', '2009', 682.15),
(1018, 'Leesa', 'Ms', '1977', 35.66),
(1019, 'Christabel', 'Rev', '1976', 261.41),
(1020, 'Josh', 'Dr', '1969', 323.97),
(1021, 'Min', 'Honorable', '1901', 179.05),
(1022, 'Neville', 'Ms', '1910', 245.28),
(1023, 'Griz', 'Mrs', '1920', 336.13),
(1024, 'Lyndy', 'Rev', '1992', 731.50),
(1025, 'Skipton', 'Ms', '2003', 799.54),
(1026, 'Vanny', 'Dr', '1937', 65.50),
(1027, 'Natasha', 'Honorable', '2005', 41.61),
(1028, 'Willi', 'Mrs', '2002', 190.82),
(1029, 'Carmine', 'Ms', '2000', 545.16),
(1030, 'Iggy', 'Dr', '1949', 814.23),
(1031, 'Ricki', 'Honorable', '1916', 500.26),
(1032, 'Eilis', 'Dr', '1981', 900.09),
(1033, 'Ralina', 'Ms', '1943', 747.54),
(1034, 'Zechariah', 'Ms', '1931', 640.89),
(1035, 'Natal', 'Dr', '1944', 869.82),
(1036, 'Glyn', 'Ms', '1990', 881.23),
(1037, 'Lezlie', 'Ms', '1989', 938.65),
(1038, 'Guthrie', 'Rev', '1961', 643.29),
(1039, 'Sofia', 'Honorable', '1948', 358.61),
(1040, 'Cort', 'Mr', '1923', 592.45),
(1041, 'Lilla', 'Mrs', '1904', 175.34),
(1042, 'Lorette', 'Ms', '1955', 824.20),
(1043, 'Mora', 'Rev', '2022', 275.31),
(1044, 'Hally', 'Ms', '1978', 918.64),
(1045, 'Nomi', 'Mr', '1965', 833.49),
(1046, 'Rorie', 'Rev', '1982', 775.79),
(1047, 'Zaccaria', 'Ms', '1908', 487.67),
(1048, 'Orelie', 'Mrs', '1949', 60.65),
(1049, 'Gennie', 'Mr', '2003', 351.84),
(1050, 'Angeline', 'Rev', '1960', 806.86),
(1051, 'Constance', 'Mrs', '1901', 27.41),
(1052, 'Daisie', 'Ms', '1982', 653.69),
(1053, 'Welby', 'Rev', '2005', 58.36),
(1054, 'Sven', 'Rev', '1915', 585.86),
(1055, 'Dagny12', 'Ms', '1919', 107.46),
(1056, 'lil mario', 'vaiksedtydrukud', '2024', 69.69);

-- --------------------------------------------------------

--
-- Tabeli struktuur tabelile `arved`
--

CREATE TABLE `arved` (
  `id` int(11) NOT NULL,
  `arve_nr` int(15) NOT NULL,
  `albumid_id` int(11) NOT NULL,
  `kliendid_id` int(11) NOT NULL
) ENGINE=InnoDB DEFAULT CHARSET=utf8mb4 COLLATE=utf8mb4_general_ci;

--
-- Andmete tõmmistamine tabelile `arved`
--

INSERT INTO `arved` (`id`, `arve_nr`, `albumid_id`, `kliendid_id`) VALUES
(1, 37916, 364, 1),
(2, 81757, 847, 2),
(3, 1738, 540, 3),
(4, 86768, 671, 4),
(5, 98281, 573, 5),
(6, 57862, 145, 6),
(7, 26036, 157, 7),
(8, 51796, 647, 8),
(9, 26857, 648, 9),
(10, 76692, 214, 10),
(11, 15455, 742, 11),
(12, 32902, 739, 12),
(13, 16866, 390, 13),
(14, 63789, 841, 14),
(15, 53626, 931, 15),
(16, 98529, 962, 16),
(17, 7499, 195, 17),
(18, 91729, 649, 18),
(19, 50326, 395, 19),
(20, 45038, 639, 20),
(21, 6152, 928, 21),
(22, 14283, 198, 22),
(23, 68452, 351, 23),
(24, 76873, 268, 24),
(25, 25225, 134, 25),
(26, 7510, 851, 26),
(27, 80033, 453, 27),
(28, 95332, 90, 28),
(29, 35244, 564, 29),
(30, 85875, 217, 30),
(31, 35437, 534, 31),
(32, 74214, 1031, 32),
(33, 29023, 347, 33),
(34, 13292, 1036, 34),
(35, 4004, 121, 35),
(36, 24497, 774, 36),
(37, 24114, 538, 37),
(38, 80685, 526, 38),
(39, 15656, 90, 39),
(40, 96517, 523, 40),
(41, 2107, 730, 41),
(42, 2643, 257, 42),
(43, 18890, 487, 43),
(44, 88298, 300, 44),
(45, 79918, 792, 45),
(46, 96062, 1015, 46),
(47, 82524, 372, 47),
(48, 81635, 1040, 48),
(49, 22033, 510, 49),
(50, 25382, 209, 50),
(51, 62942, 1020, 51),
(52, 71000, 761, 52),
(53, 8723, 903, 53),
(54, 45343, 231, 54),
(55, 21897, 476, 55),
(56, 53129, 511, 56),
(57, 68203, 506, 57),
(58, 72301, 25, 58),
(59, 46890, 381, 59),
(60, 55772, 87, 60),
(61, 40072, 649, 61),
(62, 21704, 176, 62),
(63, 52501, 707, 63),
(64, 30681, 602, 64),
(65, 41102, 15, 65),
(66, 77107, 728, 66),
(67, 31469, 55, 67),
(68, 93080, 972, 68),
(69, 39698, 144, 69),
(70, 37689, 381, 70),
(71, 81426, 431, 71),
(72, 17465, 615, 72),
(73, 17504, 316, 73),
(74, 4787, 50, 74),
(75, 88173, 615, 75),
(76, 15410, 1003, 76),
(77, 15921, 800, 77),
(78, 60706, 78, 78),
(79, 95746, 293, 79),
(80, 99373, 559, 80),
(81, 68765, 756, 81),
(82, 65105, 1044, 82),
(83, 28436, 798, 83),
(84, 16304, 371, 84),
(85, 9868, 253, 85),
(86, 99078, 94, 86),
(87, 87664, 958, 87),
(88, 96047, 388, 88),
(89, 35011, 337, 89),
(90, 74991, 608, 90),
(91, 79663, 875, 91),
(92, 97932, 772, 92),
(93, 70854, 665, 93),
(94, 95578, 465, 94),
(95, 38902, 779, 95),
(96, 37028, 549, 96),
(97, 14110, 906, 97),
(98, 91273, 770, 98),
(99, 27535, 888, 99),
(100, 54995, 916, 100),
(101, 43923, 209, 101),
(102, 52163, 655, 102),
(103, 84949, 12, 103),
(104, 69457, 740, 104),
(105, 6033, 863, 105),
(106, 98143, 127, 106),
(107, 35133, 398, 107),
(108, 36904, 703, 108),
(109, 43197, 139, 109),
(110, 11754, 420, 110),
(111, 88897, 694, 111),
(112, 38532, 327, 112),
(113, 43406, 729, 113),
(114, 45878, 740, 114),
(115, 46038, 342, 115),
(116, 48587, 980, 116),
(117, 56403, 571, 117),
(118, 69718, 891, 118),
(119, 70866, 842, 119),
(120, 33256, 840, 120),
(121, 82304, 1004, 121),
(122, 88395, 183, 122),
(123, 65372, 914, 123),
(124, 89768, 563, 124),
(125, 82801, 766, 125),
(126, 99723, 28, 126),
(127, 22368, 717, 127),
(128, 12476, 97, 128),
(129, 64376, 434, 129),
(130, 29801, 230, 130),
(131, 11364, 118, 131),
(132, 40801, 413, 132),
(133, 89923, 487, 133),
(134, 72731, 360, 134),
(135, 2574, 237, 135),
(136, 61848, 706, 136),
(137, 90941, 799, 137),
(138, 97781, 58, 138),
(139, 70199, 887, 139),
(140, 84223, 116, 140),
(141, 38863, 301, 141),
(142, 69283, 641, 142),
(143, 25650, 1035, 143),
(144, 46480, 730, 144),
(145, 64165, 849, 145),
(146, 33217, 720, 146),
(147, 21392, 821, 147),
(148, 52428, 454, 148),
(149, 10706, 667, 149),
(150, 69539, 100, 150),
(151, 9371, 720, 151),
(152, 74851, 577, 152),
(153, 94806, 276, 153),
(154, 66249, 803, 154),
(155, 7806, 467, 155),
(156, 84778, 270, 156),
(157, 47507, 255, 157),
(158, 7037, 1009, 158),
(159, 46881, 249, 159),
(160, 8674, 889, 160),
(161, 19432, 451, 161),
(162, 71759, 886, 162),
(163, 54540, 565, 163),
(164, 5180, 578, 164),
(165, 95223, 175, 165),
(166, 4623, 441, 166),
(167, 72385, 584, 167),
(168, 37827, 856, 168),
(169, 10860, 792, 169),
(170, 96807, 331, 170),
(171, 4050, 522, 171),
(172, 52725, 848, 172),
(173, 94282, 884, 173),
(174, 73413, 619, 174),
(175, 69931, 365, 175),
(176, 97309, 948, 176),
(177, 64501, 426, 177),
(178, 1180, 813, 178),
(179, 60952, 334, 179),
(180, 59700, 929, 180),
(181, 84922, 326, 181),
(182, 17100, 559, 182),
(183, 31982, 255, 183),
(184, 91417, 451, 184),
(185, 44140, 599, 185),
(186, 61416, 170, 186),
(187, 65115, 1, 187),
(188, 60597, 821, 188),
(189, 24368, 333, 189),
(190, 47521, 1014, 190),
(191, 59780, 749, 191),
(192, 74148, 22, 192),
(193, 32347, 284, 193),
(194, 93187, 704, 194),
(195, 10889, 291, 195),
(196, 80904, 931, 196),
(197, 67042, 720, 197),
(198, 44455, 10, 198),
(199, 43311, 227, 199),
(200, 36035, 304, 200),
(201, 92908, 904, 201),
(202, 82892, 926, 202),
(203, 93931, 558, 203),
(204, 87344, 733, 204),
(205, 69465, 1029, 205),
(206, 2192, 297, 206),
(207, 65087, 8, 207),
(208, 13792, 875, 208),
(209, 40342, 432, 209),
(210, 93115, 1032, 210),
(211, 4037, 1042, 211),
(212, 68778, 933, 212),
(213, 20673, 692, 213),
(214, 13998, 24, 214),
(215, 14434, 388, 215),
(216, 41221, 473, 216),
(217, 26090, 632, 217),
(218, 52446, 1034, 218),
(219, 26506, 326, 219),
(220, 20497, 1034, 220),
(221, 5942, 234, 221),
(222, 47889, 846, 222),
(223, 74116, 189, 223),
(224, 53385, 1002, 224),
(225, 16069, 950, 225),
(226, 7250, 669, 226),
(227, 64115, 1030, 227),
(228, 41584, 205, 228),
(229, 97610, 583, 229),
(230, 12241, 617, 230),
(231, 22342, 661, 231),
(232, 52129, 60, 232),
(233, 65614, 544, 233),
(234, 56950, 718, 234),
(235, 9952, 93, 235),
(236, 73894, 730, 236),
(237, 22028, 594, 237),
(238, 26388, 828, 238),
(239, 98433, 985, 239),
(240, 79591, 427, 240),
(241, 91686, 742, 241),
(242, 43944, 232, 242),
(243, 5508, 11, 243),
(244, 17937, 606, 244),
(245, 72176, 2, 245),
(246, 52146, 216, 246),
(247, 61962, 153, 247),
(248, 48418, 106, 248),
(249, 85593, 429, 249),
(250, 30566, 450, 250),
(251, 85364, 1002, 251),
(252, 5516, 469, 252),
(253, 58436, 641, 253),
(254, 46965, 783, 254),
(255, 20082, 672, 255),
(256, 30280, 797, 256),
(257, 65513, 774, 257),
(258, 12237, 456, 258),
(259, 87045, 674, 259),
(260, 30845, 397, 260),
(261, 16274, 83, 261),
(262, 36079, 914, 262),
(263, 98403, 39, 263),
(264, 85078, 905, 264),
(265, 19078, 453, 265),
(266, 34139, 935, 266),
(267, 87369, 828, 267),
(268, 56081, 866, 268),
(269, 14081, 236, 269),
(270, 9896, 237, 270),
(271, 64272, 717, 271),
(272, 55708, 1050, 272),
(273, 27219, 381, 273),
(274, 72275, 795, 274),
(275, 89930, 1007, 275),
(276, 43344, 886, 276),
(277, 25569, 706, 277),
(278, 24687, 652, 278),
(279, 64389, 907, 279),
(280, 65962, 760, 280),
(281, 25711, 642, 281),
(282, 39689, 600, 282),
(283, 23608, 973, 283),
(284, 92396, 147, 284),
(285, 61397, 176, 285),
(286, 69561, 512, 286),
(287, 18153, 562, 287),
(288, 33982, 471, 288),
(289, 3767, 781, 289),
(290, 45850, 991, 290),
(291, 92581, 845, 291),
(292, 55625, 1007, 292),
(293, 97135, 371, 293),
(294, 84636, 879, 294),
(295, 55958, 77, 295),
(296, 27815, 101, 296),
(297, 98131, 818, 297),
(298, 13048, 356, 298),
(299, 24415, 557, 299),
(300, 1649, 804, 300),
(301, 11307, 59, 301),
(302, 74186, 543, 302),
(303, 84660, 798, 303),
(304, 62514, 948, 304),
(305, 55537, 1020, 305),
(306, 66481, 502, 306),
(307, 37864, 956, 307),
(308, 35323, 842, 308),
(309, 38710, 266, 309),
(310, 24918, 791, 310),
(311, 26068, 202, 311),
(312, 40693, 449, 312),
(313, 61890, 466, 313),
(314, 34971, 389, 314),
(315, 73823, 630, 315),
(316, 11280, 497, 316),
(317, 23170, 282, 317),
(318, 48374, 432, 318),
(319, 38888, 57, 319),
(320, 93011, 895, 320),
(321, 40707, 787, 321),
(322, 10381, 307, 322),
(323, 34837, 448, 323),
(324, 84752, 364, 324),
(325, 77079, 970, 325),
(326, 55935, 524, 326),
(327, 32415, 884, 327),
(328, 24971, 1039, 328),
(329, 75700, 352, 329),
(330, 73813, 883, 330),
(331, 99440, 283, 331),
(332, 49391, 596, 332),
(333, 88554, 898, 333),
(334, 6643, 258, 334),
(335, 56802, 666, 335),
(336, 28065, 82, 336),
(337, 46322, 833, 337),
(338, 86597, 273, 338),
(339, 97793, 65, 339),
(340, 99097, 209, 340),
(341, 3818, 233, 341),
(342, 1551, 77, 342),
(343, 89051, 506, 343),
(344, 40030, 421, 344),
(345, 82658, 443, 345),
(346, 1823, 318, 346),
(347, 76200, 909, 347),
(348, 27455, 596, 348),
(349, 46757, 434, 349),
(350, 63589, 593, 350),
(351, 74576, 592, 351),
(352, 78370, 873, 352),
(353, 44697, 456, 353),
(354, 43661, 170, 354),
(355, 11087, 82, 355),
(356, 52041, 810, 356),
(357, 70154, 17, 357),
(358, 69687, 344, 358),
(359, 47397, 230, 359),
(360, 37052, 444, 360),
(361, 10004, 521, 361),
(362, 11968, 531, 362),
(363, 23292, 608, 363),
(364, 16908, 793, 364),
(365, 32740, 983, 365),
(366, 21093, 354, 366),
(367, 50861, 1027, 367),
(368, 88303, 80, 368),
(369, 33357, 467, 369),
(370, 50542, 199, 370),
(371, 92216, 344, 371),
(372, 2669, 9, 372),
(373, 7471, 72, 373),
(374, 8562, 276, 374),
(375, 39030, 744, 375),
(376, 41012, 631, 376),
(377, 40759, 875, 377),
(378, 42436, 390, 378),
(379, 67554, 486, 379),
(380, 47714, 696, 380),
(381, 92114, 133, 381),
(382, 3757, 292, 382),
(383, 92084, 380, 383),
(384, 11950, 745, 384),
(385, 11776, 207, 385),
(386, 92544, 869, 386),
(387, 86796, 176, 387),
(388, 34595, 971, 388),
(389, 14512, 691, 389),
(390, 11362, 611, 390),
(391, 32127, 69, 391),
(392, 55587, 1034, 392),
(393, 63558, 883, 393),
(394, 55961, 659, 394),
(395, 69880, 397, 395),
(396, 36841, 50, 396),
(397, 47025, 165, 397),
(398, 80133, 798, 398),
(399, 71989, 540, 399),
(400, 26591, 79, 400),
(401, 74899, 834, 401),
(402, 36717, 651, 402),
(403, 70300, 451, 403),
(404, 38620, 182, 404),
(405, 21705, 444, 405),
(406, 32289, 100, 406),
(407, 87528, 884, 407),
(408, 15635, 621, 408),
(409, 73843, 60, 409),
(410, 63964, 705, 410),
(411, 61828, 551, 411),
(412, 37312, 395, 412),
(413, 7436, 410, 413),
(414, 91037, 344, 414),
(415, 66154, 186, 415),
(416, 84089, 384, 416),
(417, 73623, 16, 417),
(418, 56664, 971, 418),
(419, 1516, 715, 419),
(420, 45782, 69, 420),
(421, 37095, 124, 421),
(422, 62227, 342, 422),
(423, 67259, 1025, 423),
(424, 91246, 57, 424),
(425, 36478, 241, 425),
(426, 36331, 764, 426),
(427, 16305, 355, 427),
(428, 78480, 220, 428),
(429, 71981, 202, 429),
(430, 63793, 418, 430),
(431, 98470, 762, 431),
(432, 19749, 182, 432),
(433, 16874, 759, 433),
(434, 74043, 185, 434),
(435, 76098, 247, 435),
(436, 48182, 1005, 436),
(437, 49964, 664, 437),
(438, 53405, 122, 438),
(439, 69914, 172, 439),
(440, 32674, 940, 440),
(441, 43152, 621, 441),
(442, 39734, 226, 442),
(443, 90456, 361, 443),
(444, 94082, 4, 444),
(445, 59602, 794, 445),
(446, 16358, 433, 446),
(447, 71471, 677, 447),
(448, 40238, 184, 448),
(449, 35473, 822, 449),
(450, 69774, 123, 450),
(451, 50122, 608, 451),
(452, 24330, 380, 452),
(453, 64365, 978, 453),
(454, 52847, 401, 454),
(455, 50207, 45, 455),
(456, 28839, 616, 456),
(457, 1802, 759, 457),
(458, 75276, 395, 458),
(459, 9410, 266, 459),
(460, 88381, 577, 460),
(461, 66201, 821, 461),
(462, 61264, 844, 462),
(463, 57395, 230, 463),
(464, 58699, 796, 464),
(465, 64044, 137, 465),
(466, 90286, 163, 466),
(467, 37769, 610, 467),
(468, 33743, 330, 468),
(469, 37779, 831, 469),
(470, 19080, 894, 470),
(471, 30548, 202, 471),
(472, 78116, 691, 472),
(473, 24864, 64, 473),
(474, 37230, 1032, 474),
(475, 44135, 734, 475),
(476, 10925, 370, 476),
(477, 22090, 523, 477),
(478, 25054, 525, 478),
(479, 69284, 870, 479),
(480, 53909, 801, 480),
(481, 44770, 280, 481),
(482, 64301, 581, 482),
(483, 48364, 751, 483),
(484, 36342, 678, 484),
(485, 84934, 732, 485),
(486, 38456, 474, 486),
(487, 75114, 447, 487),
(488, 15797, 524, 488),
(489, 19468, 401, 489),
(490, 67119, 703, 490),
(491, 74855, 869, 491),
(492, 44515, 431, 492),
(493, 90407, 77, 493),
(494, 30999, 48, 494),
(495, 80652, 564, 495),
(496, 66756, 962, 496),
(497, 36947, 961, 497),
(498, 17975, 435, 498),
(499, 61558, 723, 499),
(500, 46230, 482, 500),
(501, 17358, 660, 501),
(502, 11512, 860, 502),
(503, 4379, 308, 503),
(504, 55569, 340, 504),
(505, 19895, 485, 505),
(506, 99665, 522, 506),
(507, 88175, 61, 507),
(508, 73474, 31, 508),
(509, 8599, 893, 509),
(510, 71440, 574, 510),
(511, 33173, 409, 511),
(512, 25868, 1, 512),
(513, 84714, 461, 513),
(514, 82702, 524, 514),
(515, 56789, 189, 515),
(516, 96678, 950, 516),
(517, 97273, 983, 517),
(518, 80908, 522, 518),
(519, 92490, 313, 519),
(520, 77083, 986, 520),
(521, 37266, 479, 521),
(522, 82634, 210, 522),
(523, 63563, 850, 523),
(524, 43743, 329, 524),
(525, 74525, 904, 525),
(526, 8706, 115, 526),
(527, 86388, 801, 527),
(528, 12548, 455, 528),
(529, 14918, 258, 529),
(530, 77624, 188, 530),
(531, 38719, 738, 531),
(532, 94946, 443, 532),
(533, 99904, 1002, 533),
(534, 52637, 770, 534),
(535, 21874, 426, 535),
(536, 52641, 272, 536),
(537, 22473, 737, 537),
(538, 75457, 892, 538),
(539, 20716, 201, 539),
(540, 18721, 777, 540),
(541, 54945, 601, 541),
(542, 6441, 142, 542),
(543, 48861, 303, 543),
(544, 11770, 50, 544),
(545, 54007, 566, 545),
(546, 94941, 266, 546),
(547, 57202, 507, 547),
(548, 42865, 298, 548),
(549, 45076, 1047, 549),
(550, 64967, 1022, 550),
(551, 5298, 169, 551),
(552, 30488, 85, 552),
(553, 9069, 504, 553),
(554, 19637, 737, 554),
(555, 7490, 320, 555),
(556, 22873, 650, 556),
(557, 4483, 135, 557),
(558, 82664, 201, 558),
(559, 92739, 425, 559),
(560, 10807, 832, 560),
(561, 12753, 602, 561),
(562, 85547, 708, 562),
(563, 70677, 948, 563),
(564, 5559, 347, 564),
(565, 56609, 656, 565),
(566, 35105, 122, 566),
(567, 56374, 182, 567),
(568, 78499, 303, 568),
(569, 12558, 47, 569),
(570, 44833, 889, 570),
(571, 22728, 162, 571),
(572, 75059, 1008, 572),
(573, 58329, 534, 573),
(574, 83362, 208, 574),
(575, 77926, 81, 575),
(576, 75569, 808, 576),
(577, 52211, 310, 577),
(578, 77675, 624, 578),
(579, 58869, 447, 579),
(580, 59482, 239, 580),
(581, 98114, 981, 581),
(582, 80947, 561, 582),
(583, 27993, 617, 583),
(584, 42312, 1043, 584),
(585, 1848, 84, 585),
(586, 57086, 1009, 586),
(587, 57987, 190, 587),
(588, 92253, 277, 588),
(589, 38927, 734, 589),
(590, 67961, 362, 590),
(591, 57323, 716, 591),
(592, 18170, 1033, 592),
(593, 6473, 776, 593),
(594, 36631, 222, 594),
(595, 94781, 461, 595),
(596, 57758, 348, 596),
(597, 24956, 450, 597),
(598, 82105, 982, 598),
(599, 94527, 558, 599),
(600, 17951, 707, 600),
(601, 6458, 266, 601),
(602, 97062, 110, 602),
(603, 93098, 701, 603),
(604, 45567, 897, 604),
(605, 49201, 479, 605),
(606, 63692, 359, 606),
(607, 78497, 195, 607),
(608, 21918, 155, 608),
(609, 80078, 749, 609),
(610, 74406, 267, 610),
(611, 80734, 332, 611),
(612, 55087, 217, 612),
(613, 69310, 761, 613),
(614, 14587, 37, 614),
(615, 90060, 222, 615),
(616, 14484, 946, 616),
(617, 44597, 371, 617),
(618, 43545, 808, 618),
(619, 18566, 645, 619),
(620, 81576, 276, 620),
(621, 25764, 528, 621),
(622, 67043, 667, 622),
(623, 43025, 221, 623),
(624, 32582, 676, 624),
(625, 36245, 765, 625),
(626, 54397, 695, 626),
(627, 33539, 570, 627),
(628, 64649, 671, 628),
(629, 37990, 915, 629),
(630, 40401, 431, 630),
(631, 27088, 635, 631),
(632, 12994, 1019, 632),
(633, 27145, 523, 633),
(634, 55429, 291, 634),
(635, 16559, 513, 635),
(636, 56842, 244, 636),
(637, 35927, 625, 637),
(638, 76857, 891, 638),
(639, 29007, 689, 639),
(640, 10991, 287, 640),
(641, 1333, 598, 641),
(642, 96618, 327, 642),
(643, 75227, 899, 643),
(644, 55122, 551, 644),
(645, 93144, 661, 645),
(646, 62966, 668, 646),
(647, 36323, 52, 647),
(648, 19739, 535, 648),
(649, 18621, 825, 649),
(650, 71758, 914, 650),
(651, 49862, 64, 651),
(652, 12831, 849, 652),
(653, 74066, 575, 653),
(654, 54355, 315, 654),
(655, 33813, 651, 655),
(656, 72069, 139, 656),
(657, 37555, 791, 657),
(658, 41921, 961, 658),
(659, 84559, 980, 659),
(660, 11830, 208, 660),
(661, 77586, 276, 661),
(662, 26059, 500, 662),
(663, 82552, 153, 663),
(664, 54379, 284, 664),
(665, 12706, 322, 665),
(666, 83841, 587, 666),
(667, 1188, 99, 667),
(668, 44401, 269, 668),
(669, 7243, 225, 669),
(670, 32149, 532, 670),
(671, 5288, 736, 671),
(672, 68153, 14, 672),
(673, 99006, 807, 673),
(674, 86717, 973, 674),
(675, 39553, 982, 675),
(676, 66958, 7, 676),
(677, 55007, 436, 677),
(678, 26664, 438, 678),
(679, 32149, 320, 679),
(680, 2696, 781, 680),
(681, 37502, 703, 681),
(682, 27454, 450, 682),
(683, 87327, 963, 683),
(684, 68156, 1024, 684),
(685, 48413, 766, 685),
(686, 24790, 345, 686),
(687, 69581, 773, 687),
(688, 62658, 767, 688),
(689, 47635, 1046, 689),
(690, 36550, 661, 690),
(691, 21350, 75, 691),
(692, 15901, 505, 692),
(693, 19277, 808, 693),
(694, 85128, 531, 694),
(695, 69267, 25, 695),
(696, 28716, 761, 696),
(697, 53962, 165, 697),
(698, 32403, 907, 698),
(699, 52617, 780, 699),
(700, 63076, 234, 700),
(701, 19270, 175, 701),
(702, 74930, 949, 702),
(703, 80126, 910, 703),
(704, 68521, 505, 704),
(705, 97776, 754, 705),
(706, 72195, 110, 706),
(707, 2660, 997, 707),
(708, 45889, 221, 708),
(709, 24820, 561, 709),
(710, 80369, 794, 710),
(711, 44024, 65, 711),
(712, 80122, 36, 712),
(713, 28701, 894, 713),
(714, 96025, 325, 714),
(715, 65504, 892, 715),
(716, 5100, 417, 716),
(717, 32884, 562, 717),
(718, 21851, 813, 718),
(719, 21784, 836, 719),
(720, 39931, 126, 720),
(721, 55203, 172, 721),
(722, 32107, 813, 722),
(723, 85390, 105, 723),
(724, 67715, 627, 724),
(725, 87768, 662, 725),
(726, 74320, 108, 726),
(727, 36959, 337, 727),
(728, 48104, 640, 728),
(729, 14084, 100, 729),
(730, 12879, 100, 730),
(731, 21596, 835, 731),
(732, 12580, 121, 732),
(733, 91318, 961, 733),
(734, 6394, 952, 734),
(735, 59193, 792, 735),
(736, 49912, 679, 736),
(737, 59721, 884, 737),
(738, 21242, 597, 738),
(739, 89905, 860, 739),
(740, 65773, 767, 740),
(741, 97217, 301, 741),
(742, 58104, 958, 742),
(743, 30562, 619, 743),
(744, 84540, 251, 744),
(745, 41165, 44, 745),
(746, 45960, 445, 746),
(747, 27892, 95, 747),
(748, 72357, 983, 748),
(749, 19507, 850, 749),
(750, 85146, 475, 750),
(751, 21975, 834, 751),
(752, 53687, 723, 752),
(753, 28939, 623, 753),
(754, 66552, 990, 754),
(755, 32531, 1005, 755),
(756, 73355, 911, 756),
(757, 95174, 1005, 757),
(758, 41876, 46, 758),
(759, 33480, 866, 759),
(760, 67525, 45, 760),
(761, 94890, 557, 761),
(762, 88593, 275, 762),
(763, 87082, 697, 763),
(764, 38882, 580, 764),
(765, 12381, 831, 765),
(766, 2585, 851, 766),
(767, 30403, 376, 767),
(768, 27083, 20, 768),
(769, 81705, 69, 769),
(770, 30108, 817, 770),
(771, 74429, 275, 771),
(772, 70048, 376, 772),
(773, 10831, 571, 773),
(774, 46111, 254, 774),
(775, 97831, 731, 775),
(776, 14923, 416, 776),
(777, 25399, 1006, 777),
(778, 47589, 511, 778),
(779, 53691, 549, 779),
(780, 97810, 906, 780),
(781, 24556, 19, 781),
(782, 54798, 717, 782),
(783, 10794, 757, 783),
(784, 21400, 362, 784),
(785, 71489, 347, 785),
(786, 57028, 676, 786),
(787, 14698, 517, 787),
(788, 10784, 23, 788),
(789, 32130, 438, 789),
(790, 11142, 92, 790),
(791, 82672, 322, 791),
(792, 7633, 377, 792),
(793, 60142, 607, 793),
(794, 76773, 62, 794),
(795, 74277, 1011, 795),
(796, 29653, 864, 796),
(797, 49156, 340, 797),
(798, 1008, 565, 798),
(799, 20595, 735, 799),
(800, 86133, 394, 800),
(801, 7691, 549, 801),
(802, 69097, 251, 802),
(803, 10866, 490, 803),
(804, 65659, 221, 804),
(805, 73083, 750, 805),
(806, 6854, 757, 806),
(807, 48145, 634, 807),
(808, 21901, 256, 808),
(809, 79663, 133, 809),
(810, 76782, 420, 810),
(811, 64258, 651, 811),
(812, 63467, 236, 812),
(813, 40645, 1014, 813),
(814, 41008, 199, 814),
(815, 25721, 555, 815),
(816, 52996, 950, 816),
(817, 6734, 266, 817),
(818, 91281, 690, 818),
(819, 11622, 485, 819),
(820, 17526, 512, 820),
(821, 58406, 262, 821),
(822, 7569, 595, 822),
(823, 18436, 498, 823),
(824, 66213, 186, 824),
(825, 70731, 643, 825),
(826, 55327, 995, 826),
(827, 13884, 487, 827),
(828, 22920, 490, 828),
(829, 32097, 20, 829),
(830, 12231, 798, 830),
(831, 59299, 81, 831),
(832, 41736, 583, 832),
(833, 65811, 694, 833),
(834, 71058, 61, 834),
(835, 60945, 559, 835),
(836, 48053, 6, 836),
(837, 27067, 197, 837),
(838, 99144, 223, 838),
(839, 46253, 140, 839),
(840, 27995, 569, 840),
(841, 17565, 75, 841),
(842, 5548, 766, 842),
(843, 39447, 383, 843),
(844, 36842, 824, 844),
(845, 68023, 174, 845),
(846, 71625, 516, 846),
(847, 5473, 740, 847),
(848, 72418, 656, 848),
(849, 99059, 596, 849),
(850, 53286, 621, 850),
(851, 34330, 914, 851),
(852, 37938, 969, 852),
(853, 51447, 754, 853),
(854, 55536, 137, 854),
(855, 36155, 1026, 855),
(856, 72669, 643, 856),
(857, 37540, 852, 857),
(858, 30209, 844, 858),
(859, 41984, 141, 859),
(860, 33920, 471, 860),
(861, 55316, 505, 861),
(862, 87869, 359, 862),
(863, 56912, 598, 863),
(864, 14396, 424, 864),
(865, 83806, 221, 865),
(866, 30600, 734, 866),
(867, 56533, 225, 867),
(868, 33423, 191, 868),
(869, 58901, 164, 869),
(870, 52421, 386, 870),
(871, 33673, 974, 871),
(872, 5027, 278, 872),
(873, 13466, 657, 873),
(874, 97208, 442, 874),
(875, 87030, 844, 875),
(876, 74754, 673, 876),
(877, 59299, 412, 877),
(878, 61685, 412, 878),
(879, 19123, 793, 879),
(880, 67931, 818, 880),
(881, 93675, 439, 881),
(882, 81200, 414, 882),
(883, 20563, 367, 883),
(884, 43671, 572, 884),
(885, 25557, 258, 885),
(886, 99209, 25, 886),
(887, 1335, 917, 887),
(888, 43278, 316, 888),
(889, 17762, 962, 889),
(890, 36231, 816, 890),
(891, 35624, 771, 891),
(892, 64267, 1049, 892),
(893, 19366, 22, 893),
(894, 2912, 26, 894),
(895, 36930, 2, 895),
(896, 44092, 931, 896),
(897, 94262, 332, 897),
(898, 5616, 142, 898),
(899, 77291, 138, 899),
(900, 28776, 897, 900),
(901, 12218, 288, 901),
(902, 33302, 663, 902),
(903, 14879, 624, 903),
(904, 38347, 132, 904),
(905, 58212, 902, 905),
(906, 74247, 383, 906),
(907, 97246, 526, 907),
(908, 67462, 595, 908),
(909, 40218, 930, 909),
(910, 30199, 191, 910),
(911, 35767, 674, 911),
(912, 25141, 413, 912),
(913, 72729, 13, 913),
(914, 80561, 122, 914),
(915, 22898, 158, 915),
(916, 67895, 602, 916),
(917, 4399, 352, 917),
(918, 84686, 560, 918),
(919, 94070, 762, 919),
(920, 34847, 399, 920),
(921, 19364, 922, 921),
(922, 81745, 328, 922),
(923, 51318, 662, 923),
(924, 54931, 479, 924),
(925, 50148, 461, 925),
(926, 85196, 616, 926),
(927, 79651, 410, 927),
(928, 7095, 412, 928),
(929, 81519, 268, 929),
(930, 82493, 335, 930),
(931, 94766, 1018, 931),
(932, 89829, 941, 932),
(933, 72508, 177, 933),
(934, 60980, 906, 934),
(935, 63687, 382, 935),
(936, 24384, 670, 936),
(937, 12725, 77, 937),
(938, 71927, 582, 938),
(939, 49514, 121, 939),
(940, 29353, 981, 940),
(941, 48234, 227, 941),
(942, 89249, 61, 942),
(943, 16994, 375, 943),
(944, 39125, 289, 944),
(945, 43505, 450, 945),
(946, 69853, 176, 946),
(947, 59490, 490, 947),
(948, 35343, 383, 948),
(949, 11264, 897, 949),
(950, 90710, 141, 950),
(951, 47750, 196, 951),
(952, 91957, 189, 952),
(953, 30179, 346, 953),
(954, 58564, 725, 954),
(955, 32492, 921, 955),
(956, 86811, 181, 956),
(957, 40714, 648, 957),
(958, 2841, 126, 958),
(959, 99059, 814, 959),
(960, 20634, 164, 960),
(961, 25873, 823, 961),
(962, 12459, 890, 962),
(963, 46875, 835, 963),
(964, 54874, 174, 964),
(965, 46309, 757, 965),
(966, 67401, 857, 966),
(967, 5360, 896, 967),
(968, 84410, 75, 968),
(969, 3302, 123, 969),
(970, 37339, 319, 970),
(971, 37167, 783, 971),
(972, 14232, 421, 972),
(973, 82732, 108, 973),
(974, 9733, 595, 974),
(975, 42388, 553, 975),
(976, 59768, 233, 976),
(977, 10142, 586, 977),
(978, 61990, 447, 978),
(979, 57412, 975, 979),
(980, 72703, 286, 980),
(981, 51736, 295, 981),
(982, 84404, 194, 982),
(983, 92972, 653, 983),
(984, 68287, 774, 984),
(985, 97534, 460, 985),
(986, 25307, 636, 986),
(987, 41482, 611, 987),
(988, 9348, 736, 988),
(989, 40858, 990, 989),
(990, 8848, 726, 990),
(991, 21753, 961, 991),
(992, 48524, 883, 992),
(993, 84746, 463, 993),
(994, 50446, 376, 994),
(995, 81517, 968, 995),
(996, 20036, 871, 996),
(997, 12899, 1043, 997),
(998, 93818, 531, 998),
(999, 16969, 315, 999),
(1000, 66620, 907, 1000);

-- --------------------------------------------------------

--
-- Tabeli struktuur tabelile `kliendid`
--

CREATE TABLE `kliendid` (
  `id` int(11) NOT NULL,
  `eesnimi` text NOT NULL,
  `perenimi` text NOT NULL,
  `telefoninumber` int(11) NOT NULL
) ENGINE=InnoDB DEFAULT CHARSET=utf8mb4 COLLATE=utf8mb4_general_ci;

--
-- Andmete tõmmistamine tabelile `kliendid`
--

INSERT INTO `kliendid` (`id`, `eesnimi`, `perenimi`, `telefoninumber`) VALUES
(1, 'Pamela', 'Perch', 2147483647),
(2, 'Marcella', 'Stuck', 1159756879),
(3, 'Carlos', 'Dutnell', 2147483647),
(4, 'Chaddie', 'Maneylaws', 2147483647),
(5, 'Stirling', 'Kemet', 2147483647),
(6, 'Neddy', 'Shotbolt', 2147483647),
(7, 'Barth', 'McKirdy', 2147483647),
(8, 'Maighdiln', 'Friel', 2147483647),
(9, 'Isac', 'Dodgshun', 2046440487),
(10, 'Grange', 'Dawidsohn', 2147483647),
(11, 'Elsinore', 'Fegan', 2147483647),
(12, 'Nobie', 'McIlriach', 2147483647),
(13, 'Doreen', 'Mirando', 2147483647),
(14, 'Kalie', 'Mayberry', 1466216231),
(15, 'Eve', 'Chafer', 2147483647),
(16, 'Leoline', 'Martynov', 2147483647),
(17, 'Loralyn', 'Schwandermann', 2147483647),
(18, 'Arnie', 'Huntar', 2147483647),
(19, 'Morissa', 'Powlett', 2147483647),
(20, 'El', 'Hedin', 2147483647),
(21, 'Chalmers', 'Reilingen', 2147483647),
(22, 'Josefa', 'Placido', 2147483647),
(23, 'Shem', 'Popworth', 2147483647),
(24, 'Elli', 'Sedgman', 2147483647),
(25, 'Desi', 'Shewen', 2147483647),
(26, 'Tamera', 'Thrasher', 2147483647),
(27, 'Gretal', 'Mulligan', 2147483647),
(28, 'Jeffry', 'Klempke', 2147483647),
(29, 'Issie', 'Enterle', 2147483647),
(30, 'Kellby', 'Menci', 2147483647),
(31, 'Lina', 'Ansteys', 2147483647),
(32, 'Drucie', 'Aveling', 2147483647),
(33, 'Hussein', 'Benedek', 2147483647),
(34, 'Trevor', 'Arminger', 2147483647),
(35, 'Jere', 'Speare', 2147483647),
(36, 'Layton', 'Baytrop', 1471350163),
(37, 'Hobard', 'Wolton', 2147483647),
(38, 'Mignonne', 'Goodale', 2147483647),
(39, 'Killie', 'Juszczak', 2147483647),
(40, 'Leisha', 'Ainger', 2147483647),
(41, 'Minnnie', 'Dearnley', 2147483647),
(42, 'Javier', 'Causier', 2147483647),
(43, 'Jami', 'Navein', 2147483647),
(44, 'Harrietta', 'Leas', 2147483647),
(45, 'Peta', 'Hawkswood', 2147483647),
(46, 'Celisse', 'Okker', 2147483647),
(47, 'Aloysia', 'D\'eath', 2147483647),
(48, 'Thadeus', 'Scrimgeour', 2103393636),
(49, 'Jaclin', 'Salerg', 2147483647),
(50, 'Rosamond', 'Brimmell', 2147483647),
(51, 'Kristoffer', 'Calcut', 2079623171),
(52, 'Susy', 'Kleinzweig', 2147483647),
(53, 'Marnie', 'Moir', 2147483647),
(54, 'Birch', 'Horlick', 2147483647),
(55, 'Clarabelle', 'Brittoner', 2147483647),
(56, 'Marlee', 'Capron', 2147483647),
(57, 'Stinky', 'Cowap', 2147483647),
(58, 'Talbert', 'Simla', 2147483647),
(59, 'Ethelred', 'Jarrelt', 2147483647),
(60, 'Ettore', 'Castellaccio', 2147483647),
(61, 'Manfred', 'Aylin', 2147483647),
(62, 'Dionysus', 'O\'Kinedy', 2046641432),
(63, 'Dorey', 'Rubinowitch', 2147483647),
(64, 'Gustaf', 'Bedome', 2147483647),
(65, 'Shirley', 'Stapford', 2147483647),
(66, 'Lonny', 'Sketch', 2147483647),
(67, 'Madeleine', 'Bredgeland', 1287882816),
(68, 'Doug', 'Guerin', 2147483647),
(69, 'Sonnie', 'Muino', 2147483647),
(70, 'Clarke', 'Poultney', 2147483647),
(71, 'Katya', 'Wilder', 2147483647),
(72, 'Petra', 'Kinnard', 2147483647),
(73, 'Taffy', 'Erett', 1943189776),
(74, 'Aldon', 'McArdle', 2147483647),
(75, 'Desmund', 'Scholcroft', 2147483647),
(76, 'Marcie', 'Hanfrey', 2147483647),
(77, 'Gabbi', 'Searles', 2147483647),
(78, 'Bertie', 'Episcopi', 2147483647),
(79, 'Griffie', 'Hogben', 2147483647),
(80, 'Alvan', 'Gaunt', 2147483647),
(81, 'Kath', 'Fawcett', 2147483647),
(82, 'Selina', 'Rosterne', 2147483647),
(83, 'Cesare', 'Madigan', 2147483647),
(84, 'Wilmar', 'Beretta', 2147483647),
(85, 'Charlton', 'Burnsall', 1577318081),
(86, 'Cynthia', 'Skeates', 2147483647),
(87, 'Tomlin', 'Pigden', 2147483647),
(88, 'Ronica', 'Burch', 2147483647),
(89, 'Jemie', 'Dagon', 2147483647),
(90, 'Dallon', 'Ellacombe', 2147483647),
(91, 'Paolo', 'Frudd', 2147483647),
(92, 'Miner', 'Pioli', 2147483647),
(93, 'Estell', 'Hedan', 2147483647),
(94, 'Kellia', 'Macci', 2147483647),
(95, 'Kata', 'Hoyt', 2147483647),
(96, 'Goldi', 'Chishull', 2147483647),
(97, 'Herminia', 'McDonand', 1033040556),
(98, 'Edgar', 'Tayloe', 2147483647),
(99, 'Brewster', 'Jewers', 2147483647),
(100, 'Cherey', 'Housego', 2147483647),
(101, 'Isidora', 'Hurdedge', 1726801997),
(102, 'Iosep', 'Keedy', 2147483647),
(103, 'Pasquale', 'Deluze', 2147483647),
(104, 'Randa', 'Tooth', 2147483647),
(105, 'Tiffie', 'Dewes', 2147483647),
(106, 'Elijah', 'Vaun', 2147483647),
(107, 'Ellene', 'Gremain', 2147483647),
(108, 'Timoteo', 'Bonhill', 2147483647),
(109, 'Kira', 'Karlmann', 2147483647),
(110, 'Sol', 'Pitkaithly', 2147483647),
(111, 'Gerri', 'Manthroppe', 2147483647),
(112, 'Kendal', 'Jacmar', 2147483647),
(113, 'Emalee', 'Sterricker', 1026377464),
(114, 'Happy', 'Chesman', 2147483647),
(115, 'Rozelle', 'Spaunton', 2147483647),
(116, 'Shannen', 'Waldocke', 2147483647),
(117, 'Lionello', 'Brompton', 2147483647),
(118, 'Isis', 'Arrol', 2147483647),
(119, 'Ronica', 'Barnhart', 2033023848),
(120, 'Hardy', 'Smitherman', 2147483647),
(121, 'Nicolle', 'Stigger', 2135220530),
(122, 'Bent', 'Merryman', 2147483647),
(123, 'Kristopher', 'Eburah', 2147483647),
(124, 'Leslie', 'Danzelman', 2147483647),
(125, 'Myrta', 'Woodwin', 2147483647),
(126, 'Sheffy', 'Boneham', 2147483647),
(127, 'Colline', 'Webermann', 2147483647),
(128, 'Dore', 'Lander', 1775698150),
(129, 'Frankie', 'Wittman', 2147483647),
(130, 'Launce', 'Dandie', 2147483647),
(131, 'Charlie', 'Lund', 2147483647),
(132, 'Tova', 'Sedgman', 2147483647),
(133, 'Rosa', 'Sells', 2147483647),
(134, 'Dotty', 'Downes', 1426300973),
(135, 'Wilfrid', 'Rawnsley', 2147483647),
(136, 'Sophia', 'Handsheart', 2147483647),
(137, 'Kellina', 'Given', 2147483647),
(138, 'Orlando', 'Handrik', 2147483647),
(139, 'Lesya', 'Piburn', 2147483647),
(140, 'Shirl', 'Lishmund', 2147483647),
(141, 'Boy', 'Meehan', 2147483647),
(142, 'Marne', 'Yakovlev', 2147483647),
(143, 'Corrianne', 'Gubbin', 2147483647),
(144, 'Kiley', 'Waddilove', 2147483647),
(145, 'Malva', 'Freestone', 2147483647),
(146, 'Hannie', 'Brooking', 2147483647),
(147, 'Mendy', 'Cuthill', 2147483647),
(148, 'Brandy', 'Witsey', 2147483647),
(149, 'Ulrich', 'Bassano', 2147483647),
(150, 'Augustus', 'Gumb', 2147483647),
(151, 'Lyndell', 'Philbin', 2147483647),
(152, 'Kelli', 'Montier', 2147483647),
(153, 'Florian', 'Stooke', 1231601647),
(154, 'Amerigo', 'O\'Lennachain', 2147483647),
(155, 'Monti', 'Piquard', 1497636495),
(156, 'Phineas', 'Stollenbeck', 2147483647),
(157, 'Colet', 'Fibbitts', 2147483647),
(158, 'Germaine', 'Piken', 2147483647),
(159, 'Jethro', 'Wallace', 2147483647),
(160, 'Bonnee', 'Instock', 2147483647),
(161, 'Gill', 'Junkin', 2147483647),
(162, 'Sebastiano', 'Beevor', 2147483647),
(163, 'Dulcea', 'Swalwel', 2147483647),
(164, 'Tony', 'Gras', 2147483647),
(165, 'Merry', 'Gardner', 2147483647),
(166, 'Bat', 'Malkin', 2147483647),
(167, 'Algernon', 'Readwing', 2147483647),
(168, 'Gorden', 'Grimsley', 2147483647),
(169, 'Winslow', 'Goneau', 2147483647),
(170, 'Jerrie', 'Cottem', 2147483647),
(171, 'Lucinda', 'Hiner', 2147483647),
(172, 'Munroe', 'Doughtery', 2147483647),
(173, 'Andrea', 'Jannings', 2147483647),
(174, 'Prinz', 'Vereker', 2147483647),
(175, 'Minda', 'Kivell', 2147483647),
(176, 'Fidelia', 'Kloster', 2147483647),
(177, 'Tawnya', 'Mosconi', 2147483647),
(178, 'Nolly', 'Swateridge', 2147483647),
(179, 'Sibylla', 'Winfred', 2147483647),
(180, 'Jaine', 'Lyford', 2147483647),
(181, 'Ashlin', 'Blackster', 2147483647),
(182, 'Danila', 'Coil', 2147483647),
(183, 'Nelie', 'Mizzi', 2147483647),
(184, 'Koressa', 'Kitteman', 2147483647),
(185, 'Jeramey', 'Fautley', 1515668509),
(186, 'Bonnibelle', 'Gisbey', 2147483647),
(187, 'Aloise', 'Sketcher', 2049940612),
(188, 'Ham', 'McArley', 2147483647),
(189, 'Cayla', 'Yantsurev', 2147483647),
(190, 'Ron', 'Maryott', 2147483647),
(191, 'Marissa', 'McQuarrie', 2147483647),
(192, 'Zollie', 'Mc Menamin', 2147483647),
(193, 'Celka', 'Giacovetti', 2147483647),
(194, 'Valentino', 'Wiffield', 2147483647),
(195, 'Fallon', 'Rathbourne', 2147483647),
(196, 'Britte', 'Outhwaite', 2091865779),
(197, 'Selie', 'Fendlen', 2147483647),
(198, 'Franky', 'Wedlake', 2147483647),
(199, 'Ardith', 'Philott', 2147483647),
(200, 'Sansone', 'Pimme', 2147483647),
(201, 'Ronica', 'Le Grove', 2147483647),
(202, 'Magdalene', 'Munn', 1209246692),
(203, 'Cedric', 'Gerdes', 2147483647),
(204, 'Dom', 'Siebert', 2147483647),
(205, 'Jill', 'Vakhlov', 2147483647),
(206, 'Sandra', 'Van Der Straaten', 2147483647),
(207, 'Jarret', 'Elcombe', 2147483647),
(208, 'Adam', 'Wytchard', 2147483647),
(209, 'Culley', 'Testin', 2147483647),
(210, 'Lucille', 'Sapey', 1623754574),
(211, 'Mahmoud', 'Coppenhall', 2147483647),
(212, 'Corbett', 'Gianneschi', 2147483647),
(213, 'Wren', 'Frobisher', 2147483647),
(214, 'Eimile', 'Salvidge', 2064317951),
(215, 'Halette', 'Gilhooly', 2147483647),
(216, 'Barry', 'Hoofe', 2147483647),
(217, 'Vivia', 'McCaughey', 2147483647),
(218, 'Borden', 'Stonelake', 2147483647),
(219, 'Ferne', 'Orrin', 2114113165),
(220, 'Hiram', 'Thon', 2147483647),
(221, 'Rosene', 'Georgiades', 1529991345),
(222, 'Felicity', 'Edes', 2147483647),
(223, 'Oralia', 'Langland', 2147483647),
(224, 'Maitilde', 'Baumaier', 2147483647),
(225, 'Glen', 'Witherop', 2097128687),
(226, 'Margarette', 'Navarijo', 2147483647),
(227, 'Merell', 'Sheppard', 2147483647),
(228, 'Leon', 'Chislett', 2147483647),
(229, 'Morly', 'Lapere', 2147483647),
(230, 'Iona', 'Karpov', 2145700751),
(231, 'Arlan', 'Ellph', 2147483647),
(232, 'Bell', 'Crabtree', 2147483647),
(233, 'Neala', 'Westoff', 2147483647),
(234, 'Aube', 'Trolley', 2147483647),
(235, 'Almira', 'Axcel', 1313214077),
(236, 'Lawton', 'Coiley', 2147483647),
(237, 'Charley', 'O\'Hoey', 2147483647),
(238, 'Gusta', 'Nerne', 2147483647),
(239, 'Bertine', 'Glazer', 1212554467),
(240, 'Garrard', 'Self', 2147483647),
(241, 'Aggy', 'Melbourn', 2147483647),
(242, 'Kennith', 'Alfonsetti', 2147483647),
(243, 'Matthias', 'Narducci', 2147483647),
(244, 'Gabrila', 'Cordoba', 2147483647),
(245, 'Jordon', 'Caskie', 2147483647),
(246, 'Nadine', 'Orrom', 2147483647),
(247, 'Gracia', 'Halversen', 2147483647),
(248, 'Anastasia', 'Ornils', 2147483647),
(249, 'Bernhard', 'Breznovic', 2147483647),
(250, 'Retha', 'Brumfitt', 2147483647),
(251, 'Alfreda', 'Stading', 2147483647),
(252, 'Corissa', 'Snell', 2147483647),
(253, 'Ezra', 'Peschke', 2147483647),
(254, 'Geno', 'Gilardoni', 2147483647),
(255, 'Mechelle', 'Gronaller', 2147483647),
(256, 'Clarabelle', 'Petrik', 2147483647),
(257, 'Darline', 'Brixey', 2147483647),
(258, 'Cristina', 'Lumbly', 2147483647),
(259, 'Goober', 'Fraczak', 2147483647),
(260, 'Pauly', 'Bartolozzi', 1103761970),
(261, 'Waldemar', 'Martinuzzi', 2147483647),
(262, 'Daniella', 'Libbis', 2147483647),
(263, 'Julina', 'Longmore', 2147483647),
(264, 'Binky', 'Kemson', 2147483647),
(265, 'Darline', 'Di Franceschi', 1852011721),
(266, 'Zea', 'Rachuig', 2147483647),
(267, 'Zaneta', 'Coulthurst', 2147483647),
(268, 'Tammy', 'Clemot', 2147483647),
(269, 'Horst', 'Dockery', 2061393853),
(270, 'Geno', 'Bragge', 2147483647),
(271, 'Ophelie', 'Reymers', 2147483647),
(272, 'Brandice', 'Knighton', 2147483647),
(273, 'Birgitta', 'Edgars', 1344855200),
(274, 'Ursula', 'Moretto', 2147483647),
(275, 'Broderic', 'Churchman', 2147483647),
(276, 'Wadsworth', 'Mattin', 2147483647),
(277, 'Phoebe', 'Dulson', 2147483647),
(278, 'Tate', 'Margaret', 2147483647),
(279, 'Elayne', 'Manley', 2147483647),
(280, 'Caro', 'Purchall', 1753768856),
(281, 'Lyndell', 'Corke', 2147483647),
(282, 'Moe', 'Blowes', 2147483647),
(283, 'Melania', 'Bricksey', 2147483647),
(284, 'Hanni', 'Widdowson', 2147483647),
(285, 'Leeann', 'Tesmond', 2147483647),
(286, 'Asa', 'McKinstry', 1889703406),
(287, 'Frederich', 'Selway', 2147483647),
(288, 'Benyamin', 'Allicock', 1192905647),
(289, 'Eryn', 'Vassel', 2147483647),
(290, 'Leighton', 'Swallwell', 1032698433),
(291, 'Eugenius', 'Minghella', 2147483647),
(292, 'Sibby', 'Ofer', 2147483647),
(293, 'Merissa', 'Lubomirski', 2147483647),
(294, 'Welby', 'Jonson', 2147483647),
(295, 'Jayme', 'Michelet', 2147483647),
(296, 'Rae', 'Foyle', 2147483647),
(297, 'Kaitlynn', 'Pass', 2147483647),
(298, 'Leonie', 'Kehir', 2147483647),
(299, 'Gregoor', 'Kendrick', 2147483647),
(300, 'Orville', 'O\'Hoolahan', 2147483647),
(301, 'Riordan', 'Pidduck', 2147483647),
(302, 'Wylma', 'Marion', 2147483647),
(303, 'Michele', 'Adlard', 2147483647),
(304, 'Klarika', 'Eppson', 2147483647),
(305, 'Hagen', 'Spera', 2147483647),
(306, 'Timofei', 'Wollaston', 2147483647),
(307, 'Uri', 'Peddersen', 1092555186),
(308, 'Carmine', 'Bossom', 2147483647),
(309, 'Candace', 'Bruyet', 2147483647),
(310, 'Jaimie', 'McTrustie', 1748915359),
(311, 'Stella', 'Ber', 2147483647),
(312, 'Maudie', 'Tarbath', 2147483647),
(313, 'Bill', 'Pratton', 2147483647),
(314, 'Lazare', 'Sjollema', 2147483647),
(315, 'Demetria', 'Korneluk', 2147483647),
(316, 'Fonsie', 'Skelton', 2147483647),
(317, 'Caspar', 'Hasely', 2147483647),
(318, 'Lucais', 'De Miranda', 1861387783),
(319, 'Claire', 'Witheford', 1517826613),
(320, 'Sylas', 'Byrnes', 2147483647),
(321, 'Chet', 'Copestick', 2147483647),
(322, 'Kristy', 'Nossent', 2147483647),
(323, 'Tuck', 'Hebdon', 2147483647),
(324, 'Ilene', 'Baudesson', 2147483647),
(325, 'Brigitta', 'Doul', 2147483647),
(326, 'Graham', 'Munson', 2147483647),
(327, 'Rowney', 'Deery', 1919692567),
(328, 'Gilbertine', 'Rockcliff', 2147483647),
(329, 'Niles', 'Huckett', 2044756234),
(330, 'Cos', 'Nore', 2147483647),
(331, 'Violet', 'Llewelyn', 2147483647),
(332, 'Candy', 'Quincey', 2147483647),
(333, 'Enrica', 'Ellams', 2147483647),
(334, 'Timmi', 'Brabender', 2147483647),
(335, 'Rochester', 'McNay', 2147483647),
(336, 'Niccolo', 'Bracknall', 2147483647),
(337, 'Randy', 'Forryan', 2147483647),
(338, 'Farrand', 'Shorter', 2147483647),
(339, 'Modesta', 'Geram', 2147483647),
(340, 'Salomon', 'Mulcahy', 2147483647),
(341, 'Orly', 'McPike', 2147483647),
(342, 'Masha', 'Spilsted', 2147483647),
(343, 'Janel', 'Pickrill', 2147483647),
(344, 'Hershel', 'Garlicke', 2147483647),
(345, 'Edithe', 'Bayston', 2147483647),
(346, 'Daisey', 'Rash', 2147483647),
(347, 'Mack', 'Albany', 2147483647),
(348, 'Reidar', 'Bertolin', 2147483647),
(349, 'Yolande', 'Scrivinor', 2147483647),
(350, 'Barby', 'Muzzini', 2147483647),
(351, 'Odey', 'Frostdick', 2147483647),
(352, 'Marys', 'Hazel', 2147483647),
(353, 'Kippy', 'Saphir', 2147483647),
(354, 'Allie', 'Stubley', 1661176198),
(355, 'Dannye', 'Poyner', 2147483647),
(356, 'Rena', 'Aron', 1698447475),
(357, 'Trisha', 'Hellwich', 2147483647),
(358, 'Budd', 'Corteney', 1286447833),
(359, 'Alana', 'Agar', 2147483647),
(360, 'Alessandro', 'Wenger', 2147483647),
(361, 'Evaleen', 'Pringer', 2147483647),
(362, 'Tibold', 'Stanney', 1677806681),
(363, 'Amory', 'Faircliff', 2147483647),
(364, 'Lynn', 'Bowkley', 2147483647),
(365, 'Amandy', 'Bowart', 2147483647),
(366, 'Jereme', 'Wagner', 2147483647),
(367, 'Raynard', 'Gilchrist', 1169545015),
(368, 'Rafe', 'Brower', 1468422070),
(369, 'Joela', 'Mackness', 2147483647),
(370, 'Aggy', 'Pyrah', 2147483647),
(371, 'Dukey', 'Clemente', 2147483647),
(372, 'Ross', 'Druhan', 2147483647),
(373, 'Alanna', 'Lyddiard', 2147483647),
(374, 'Midge', 'Cheeney', 2147483647),
(375, 'Lida', 'Foulds', 2147483647),
(376, 'Arlin', 'Rowles', 2147483647),
(377, 'Josee', 'Claus', 2147483647),
(378, 'Shell', 'Bosworth', 2147483647),
(379, 'Durand', 'Aimable', 1489948592),
(380, 'Brear', 'Apedaile', 2147483647),
(381, 'Ame', 'Sansam', 2147483647),
(382, 'Estelle', 'Davydzenko', 2147483647),
(383, 'Susanne', 'Tchaikovsky', 2147483647),
(384, 'Delbert', 'McKomb', 2147483647),
(385, 'Bogey', 'Gillard', 1562559823),
(386, 'Hermina', 'Stickel', 2147483647),
(387, 'Angel', 'Sherrin', 2147483647),
(388, 'Arnie', 'Noads', 2147483647),
(389, 'Imelda', 'Middiff', 2147483647),
(390, 'Pet', 'O\'Sirin', 2147483647),
(391, 'Cristobal', 'Ruit', 2147483647),
(392, 'Carly', 'Culham', 2147483647),
(393, 'Winslow', 'Petegree', 2147483647),
(394, 'Kalli', 'Neasam', 1798191582),
(395, 'Cynde', 'McFeate', 2147483647),
(396, 'Annabelle', 'Pfertner', 2147483647),
(397, 'Nan', 'Goulbourne', 2147483647),
(398, 'Clemente', 'Stainer', 2147483647),
(399, 'Rhoda', 'Danev', 2147483647),
(400, 'Augustine', 'Ladel', 2147483647),
(401, 'Edyth', 'Ary', 2147483647),
(402, 'Tibold', 'Girardez', 1336931080),
(403, 'Hyacinthia', 'Bramhill', 2147483647),
(404, 'Ginelle', 'Lankford', 2147483647),
(405, 'Elsy', 'Giamo', 2147483647),
(406, 'El', 'Swanne', 2147483647),
(407, 'Byron', 'Kellar', 2147483647),
(408, 'Pepita', 'Perrelle', 2147483647),
(409, 'Malachi', 'Kiggel', 2147483647),
(410, 'Sindee', 'Carbonell', 2147483647),
(411, 'Ingeberg', 'Skittles', 2147483647),
(412, 'Nadean', 'Cross', 1137290595),
(413, 'Celestina', 'Guinan', 2147483647),
(414, 'Sheelagh', 'Roblett', 2147483647),
(415, 'Lyndsie', 'Dalman', 2103931907),
(416, 'Mortimer', 'Joseph', 2147483647),
(417, 'Andee', 'Lamprey', 1125758657),
(418, 'Ginelle', 'Cribbott', 2147483647),
(419, 'Rees', 'Coo', 2147483647),
(420, 'Neila', 'Coad', 2147483647),
(421, 'Saul', 'Gainsbury', 2147483647),
(422, 'Erin', 'Deehan', 1503929685),
(423, 'Brian', 'Kittman', 2147483647),
(424, 'Harbert', 'Reedick', 2147483647),
(425, 'Olympe', 'Yockley', 1985411814),
(426, 'Worden', 'Barnhill', 1207211561),
(427, 'Maurice', 'Grassin', 2147483647),
(428, 'Hernando', 'Glede', 2147483647),
(429, 'Shel', 'Jedrzejewsky', 2147483647),
(430, 'Temp', 'Pochet', 2147483647),
(431, 'Cathee', 'Jacks', 2147483647),
(432, 'Vilma', 'Witherup', 2147483647),
(433, 'Adrianna', 'Bickerstasse', 1224375703),
(434, 'Blaire', 'Winmill', 2147483647),
(435, 'Cass', 'Ray', 2147483647),
(436, 'Feliks', 'Kneaphsey', 2147483647),
(437, 'Inglis', 'Hargate', 2147483647),
(438, 'Bryn', 'Nys', 2147483647),
(439, 'Amitie', 'Tureville', 2147483647),
(440, 'Lizzy', 'Maureen', 2147483647),
(441, 'Gayle', 'Stollman', 2147483647),
(442, 'Tarrah', 'Shyram', 2147483647),
(443, 'Stephine', 'Abramzon', 2147483647),
(444, 'Renate', 'Joliffe', 2147483647),
(445, 'Dion', 'Bebbington', 2147483647),
(446, 'Lorrie', 'Kelsall', 2147483647),
(447, 'Amandie', 'Anwell', 1881507767),
(448, 'Renie', 'Newling', 2147483647),
(449, 'North', 'Lodevick', 2147483647),
(450, 'Hettie', 'Pablo', 1636024920),
(451, 'Merrile', 'Tiffin', 2147483647),
(452, 'Noel', 'Spinello', 2147483647),
(453, 'Kerrin', 'Atrill', 1628371484),
(454, 'Carol', 'Levington', 2147483647),
(455, 'Becca', 'Veivers', 2147483647),
(456, 'Brooke', 'Bloxham', 2147483647),
(457, 'Marven', 'Stetlye', 1657143399),
(458, 'Raul', 'Wiseman', 1919115842),
(459, 'Dougy', 'Stovold', 1825830679),
(460, 'Saleem', 'Tremblet', 2147483647),
(461, 'Cathe', 'Worsall', 2087657736),
(462, 'Duncan', 'Valentin', 2147483647),
(463, 'Jamal', 'Real', 2147483647),
(464, 'Christel', 'Lebang', 1748516458),
(465, 'Noe', 'Gavriel', 1262657316),
(466, 'Jeane', 'McNirlan', 2147483647),
(467, 'Palm', 'Hane', 2147483647),
(468, 'Lexine', 'Izaac', 2147483647),
(469, 'Katerine', 'Buxton', 2147483647),
(470, 'Callida', 'Hedon', 2147483647),
(471, 'Chelsie', 'Daw', 2147483647),
(472, 'Colan', 'Di Biagio', 2147483647),
(473, 'Heddie', 'Tesh', 2147483647),
(474, 'Normie', 'Buick', 2147483647),
(475, 'Gloriana', 'Dallosso', 2147483647),
(476, 'Ofilia', 'MacCracken', 2147483647),
(477, 'Karalee', 'Croall', 2147483647),
(478, 'Maria', 'Davidof', 1678350899),
(479, 'Dorthy', 'Penhall', 2147483647),
(480, 'Aleda', 'Madgin', 2147483647),
(481, 'Amanda', 'Besque', 2147483647),
(482, 'Brucie', 'Peatheyjohns', 2147483647),
(483, 'Cary', 'Osmint', 2147483647),
(484, 'Lenee', 'Brauninger', 2147483647),
(485, 'Baillie', 'Vedikhov', 2147483647),
(486, 'Mag', 'Males', 1611571402),
(487, 'Galven', 'Durkin', 2147483647),
(488, 'Jase', 'Erswell', 2147483647),
(489, 'Leann', 'Pescud', 1469849537),
(490, 'Jamie', 'Culley', 2147483647),
(491, 'Karin', 'Coghlin', 2147483647),
(492, 'Kristan', 'Harryman', 2147483647),
(493, 'Analise', 'Huffadine', 2147483647),
(494, 'Poppy', 'MacScherie', 2147483647),
(495, 'Gillie', 'Vickress', 2147483647),
(496, 'Riva', 'Nursey', 1576601895),
(497, 'Minni', 'Moncey', 2147483647),
(498, 'Benny', 'Surgood', 2147483647),
(499, 'Shirlene', 'Balaizot', 2147483647),
(500, 'Barnebas', 'Trengove', 2147483647),
(501, 'Peadar', 'Bruyett', 2147483647),
(502, 'Doralin', 'Hacaud', 2147483647),
(503, 'Ashleigh', 'Youster', 2147483647),
(504, 'Clim', 'Croy', 2059998739),
(505, 'Lisha', 'Hellikes', 2147483647),
(506, 'Filide', 'Morse', 2147483647),
(507, 'Jerrilee', 'Lochhead', 2147483647),
(508, 'Rowland', 'Rossi', 1551472297),
(509, 'Bari', 'Budleigh', 2147483647),
(510, 'Karl', 'Puttock', 2147483647),
(511, 'Ginnie', 'Melwall', 2147483647),
(512, 'Perice', 'Hrinchenko', 2147483647),
(513, 'Leontyne', 'Poad', 2147483647),
(514, 'Cyrillus', 'Reavell', 2147483647),
(515, 'Dyane', 'Rosenthaler', 2147483647),
(516, 'Tedra', 'Palmar', 1888487470),
(517, 'Abeu', 'Garbutt', 2147483647),
(518, 'Augusta', 'Paternoster', 2147483647),
(519, 'Reuven', 'Pringour', 2147483647),
(520, 'Ches', 'Balchin', 1183330192),
(521, 'Penny', 'Stopher', 2147483647),
(522, 'Brooks', 'Emerine', 2147483647),
(523, 'Babita', 'Henrie', 1094973103),
(524, 'Horace', 'Greatex', 2147483647),
(525, 'Adriana', 'Russilll', 2147483647),
(526, 'Waverly', 'Giddons', 2147483647),
(527, 'Valli', 'Toft', 1448732442),
(528, 'Shae', 'De Lacey', 2147483647),
(529, 'Virgina', 'Makey', 2147483647),
(530, 'Eartha', 'Cansfield', 2147483647),
(531, 'Sax', 'Gillingwater', 2147483647),
(532, 'Gnni', 'Kunzelmann', 2147483647),
(533, 'Mechelle', 'Peatt', 2147483647),
(534, 'Joana', 'Kemwal', 2147483647),
(535, 'Cosmo', 'Blackway', 2147483647),
(536, 'Ester', 'Doppler', 2147483647),
(537, 'Donnell', 'O\'Spellissey', 2147483647),
(538, 'Betsey', 'Judd', 2147483647),
(539, 'Randi', 'O\'Lyhane', 2147483647),
(540, 'Linus', 'Gelder', 2147483647),
(541, 'Merrel', 'Rillstone', 1288889935),
(542, 'Baillie', 'Farrington', 2147483647),
(543, 'Truman', 'Woofendell', 2147483647),
(544, 'Rivkah', 'Jaspar', 2147483647),
(545, 'Rosaleen', 'Zoellner', 1991143786),
(546, 'Keri', 'Surgood', 2147483647),
(547, 'Fonz', 'Flaws', 2147483647),
(548, 'Arabel', 'Franiak', 2147483647),
(549, 'Abey', 'Joyson', 2147483647),
(550, 'Maggi', 'Eddicott', 2147483647),
(551, 'Wynnie', 'Woolbrook', 2147483647),
(552, 'Frederik', 'Merrisson', 2147483647),
(553, 'Letitia', 'Henmarsh', 2147483647),
(554, 'Tine', 'Dax', 2147483647),
(555, 'Damita', 'Hanson', 2147483647),
(556, 'Prudence', 'Dodamead', 2027732208),
(557, 'Giuseppe', 'Steadman', 2147483647),
(558, 'Lothaire', 'Smoote', 2147483647),
(559, 'Sutherlan', 'Lunk', 2147483647),
(560, 'Eleonora', 'Cassely', 2147483647),
(561, 'Bartie', 'Conningham', 2147483647),
(562, 'Skippie', 'Fernyhough', 2147483647),
(563, 'Lara', 'MacVicar', 1322964755),
(564, 'Nelson', 'Deniske', 1192156009),
(565, 'Kanya', 'Jaeggi', 2147483647),
(566, 'My', 'Rout', 2147483647),
(567, 'Justino', 'Skeels', 2147483647),
(568, 'Marylou', 'Mason', 2147483647),
(569, 'Emma', 'Starmore', 2147483647),
(570, 'Connor', 'Halstead', 2147483647),
(571, 'Prudi', 'Ribou', 2147483647),
(572, 'Barbee', 'Mellows', 2147483647),
(573, 'Dre', 'Gye', 2147483647),
(574, 'Joelly', 'Lagne', 2147483647),
(575, 'Honey', 'McCray', 2147483647),
(576, 'Willdon', 'Polycote', 2147483647),
(577, 'Rad', 'Garbar', 2147483647),
(578, 'Lee', 'Detoile', 2147483647),
(579, 'Rubetta', 'Lansberry', 2147483647),
(580, 'Aprilette', 'Dey', 2147483647),
(581, 'Quentin', 'Darlow', 2147483647),
(582, 'Natalina', 'Irnys', 2147483647),
(583, 'Kincaid', 'Dominec', 2147483647),
(584, 'Ursuline', 'Grievson', 2147483647),
(585, 'Nessa', 'Milroy', 2147483647),
(586, 'Thelma', 'Pilkington', 2147483647),
(587, 'Carroll', 'Aleavy', 2147483647),
(588, 'Giustina', 'Kenningley', 2147483647),
(589, 'Othelia', 'Tufts', 2147483647),
(590, 'Octavius', 'Haeslier', 2147483647),
(591, 'Adorne', 'Casford', 2147483647),
(592, 'Aidan', 'Lokier', 1523975126),
(593, 'Leola', 'Prozescky', 2147483647),
(594, 'Kimberlyn', 'Linney', 1931181409),
(595, 'Kalli', 'Wellard', 2147483647),
(596, 'Diarmid', 'Jann', 2147483647),
(597, 'Grant', 'Philott', 2147483647),
(598, 'Wanids', 'Lawther', 2147483647),
(599, 'Rani', 'Cotte', 2147483647),
(600, 'Colene', 'Gercke', 2122304969),
(601, 'Nonie', 'Hattoe', 2147483647),
(602, 'Gaynor', 'Kemetz', 2147483647),
(603, 'Belia', 'Hamments', 2147483647),
(604, 'Chickie', 'Archdeckne', 2147483647),
(605, 'Arly', 'Slocombe', 2147483647),
(606, 'Nannie', 'Dunsmuir', 2147483647),
(607, 'Candace', 'Denyukin', 2147483647),
(608, 'Nani', 'Shefton', 2147483647),
(609, 'Julia', 'Biswell', 2147483647),
(610, 'Hanna', 'Summerton', 2147483647),
(611, 'Aleen', 'Ouldcott', 2147483647),
(612, 'Vivyanne', 'Kaygill', 2147483647),
(613, 'Octavia', 'Odeson', 2147483647),
(614, 'Lucila', 'Beneyto', 1263490885),
(615, 'Wren', 'Haithwaite', 2147483647),
(616, 'Lars', 'Aupol', 2147483647),
(617, 'Lissy', 'Macellar', 2147483647),
(618, 'Fallon', 'Merricks', 2147483647),
(619, 'Montgomery', 'O\'Regan', 2008352417),
(620, 'Moria', 'Meers', 2147483647),
(621, 'Brande', 'Rikkard', 2147483647),
(622, 'Charmian', 'Kemble', 2147483647),
(623, 'Dotti', 'Cossons', 2147483647),
(624, 'Merry', 'Fenwick', 2147483647),
(625, 'Joy', 'Streetfield', 2147483647),
(626, 'Nessi', 'Batalle', 2147483647),
(627, 'Normand', 'Bydaway', 2147483647),
(628, 'Maryann', 'Labb', 2147483647),
(629, 'Catarina', 'Felten', 2147483647),
(630, 'Feodora', 'Szymanski', 2147483647),
(631, 'Evy', 'Whistlecraft', 2147483647),
(632, 'Immanuel', 'Blackney', 2147483647),
(633, 'Angelina', 'Coronas', 2147483647),
(634, 'Cristen', 'Philcott', 2147483647),
(635, 'Abe', 'Grosvener', 2147483647),
(636, 'Kliment', 'Korpolak', 2117780632),
(637, 'Weston', 'Forrest', 2147483647),
(638, 'Jordan', 'Oxterby', 2147483647),
(639, 'Antin', 'Enrich', 2147483647),
(640, 'Matthaeus', 'Doran', 2147483647),
(641, 'Josselyn', 'Klousner', 1288968571),
(642, 'Mordy', 'Karlsen', 2147483647),
(643, 'Glendon', 'Macconaghy', 2147483647),
(644, 'Ivory', 'Shorey', 2147483647),
(645, 'Zach', 'Labbez', 2147483647),
(646, 'Rona', 'Grand', 2147483647),
(647, 'Reena', 'Mensler', 2147483647),
(648, 'Mira', 'Gosland', 2147483647),
(649, 'Alyse', 'Cryer', 2147483647),
(650, 'Quincey', 'Umfrey', 2147483647),
(651, 'Flossi', 'Gutch', 2147483647),
(652, 'Hewe', 'Edgerley', 2147483647),
(653, 'Bevan', 'Barfoot', 2147483647),
(654, 'Dorie', 'Bellin', 2147483647),
(655, 'Bartie', 'Stenhouse', 2147483647),
(656, 'Borden', 'Issitt', 2147483647),
(657, 'Dewie', 'Fyndon', 2147483647),
(658, 'Arleyne', 'Goley', 2147483647),
(659, 'Gabriella', 'Hadye', 2147483647),
(660, 'Garner', 'Cartmael', 2147483647),
(661, 'Thorpe', 'Warin', 2147483647),
(662, 'Birch', 'Osler', 2147483647),
(663, 'Haleigh', 'MacNab', 2147483647),
(664, 'Dudley', 'Blagdon', 2147483647),
(665, 'Sharity', 'Greatbank', 2147483647),
(666, 'Urban', 'Bickardike', 2147483647),
(667, 'Arabel', 'Abba', 2147483647),
(668, 'Levin', 'Le Breton', 2147483647),
(669, 'Willis', 'Croisdall', 2147483647),
(670, 'Griffin', 'Lamburne', 2147483647),
(671, 'Meade', 'Cowdery', 2147483647),
(672, 'Velvet', 'Linneman', 2147483647),
(673, 'Kippie', 'O\'Doghesty', 2147483647),
(674, 'Alana', 'Amesbury', 2147483647),
(675, 'Maribelle', 'Blackborn', 2147483647),
(676, 'Lillis', 'Monckman', 1838826811),
(677, 'Thaine', 'Ubank', 2147483647),
(678, 'Helaine', 'Mollatt', 2147483647),
(679, 'Corabella', 'Schubbert', 2147483647),
(680, 'Rosabella', 'Skeleton', 2147483647),
(681, 'Shawn', 'Toby', 2147483647),
(682, 'Cymbre', 'Timpany', 2147483647),
(683, 'Rachele', 'Padley', 2021589670),
(684, 'Packston', 'Aymes', 2147483647),
(685, 'Michell', 'Regenhardt', 2147483647),
(686, 'Roselle', 'Zohrer', 2147483647),
(687, 'Susy', 'Shillitto', 2147483647),
(688, 'Lisetta', 'Deschlein', 2147483647),
(689, 'Judye', 'Pideon', 2147483647),
(690, 'Yolanda', 'Wilbore', 2147483647),
(691, 'Ferris', 'Terris', 2147483647),
(692, 'Tulley', 'Lotherington', 2147483647),
(693, 'Orv', 'Walliker', 2147483647),
(694, 'Trstram', 'Stickney', 2147483647),
(695, 'Inger', 'Ridings', 2147483647),
(696, 'Walther', 'Talman', 1098033613),
(697, 'Karalynn', 'Hess', 2147483647),
(698, 'Lindsey', 'Gohn', 2147483647),
(699, 'Sherwynd', 'Sonner', 2147483647),
(700, 'Ricoriki', 'Pezey', 2147483647),
(701, 'Hali', 'Meiklem', 2147483647),
(702, 'Hale', 'Sherwell', 2147483647),
(703, 'Corri', 'Scanlon', 2147483647),
(704, 'Chlo', 'Dyton', 1313682884),
(705, 'Lanni', 'Abade', 2147483647),
(706, 'Leila', 'Frangleton', 2147483647),
(707, 'Berte', 'Bergeon', 2147483647),
(708, 'Mick', 'Creaney', 2147483647),
(709, 'Caleb', 'Batchelar', 2147483647),
(710, 'Martguerita', 'Aspenlon', 2147483647),
(711, 'Donny', 'Sturley', 2147483647),
(712, 'Vivianne', 'Alford', 2147483647),
(713, 'Annaliese', 'Illyes', 2147483647),
(714, 'Katleen', 'Epgrave', 2061316790),
(715, 'Alli', 'Chapman', 2147483647),
(716, 'Brigham', 'Fairhead', 2147483647),
(717, 'Cyb', 'Marielle', 2147483647),
(718, 'Cecile', 'Shelley', 2147483647),
(719, 'Dilan', 'Lindmark', 2147483647),
(720, 'Tiebout', 'Carverhill', 2147483647),
(721, 'Joyce', 'Rickersey', 2147483647),
(722, 'Lorrin', 'Colwill', 2147483647),
(723, 'Valera', 'Lind', 2147483647),
(724, 'Cordy', 'Dohmer', 2147483647),
(725, 'Dahlia', 'Richen', 2147483647),
(726, 'Gwyneth', 'Dimberline', 1496085533),
(727, 'Talyah', 'Hackinge', 2147483647),
(728, 'Blondell', 'Rylett', 2147483647),
(729, 'Cleopatra', 'Fiddy', 2142307639),
(730, 'Mayor', 'Aveline', 2147483647),
(731, 'Hamlin', 'Lemmanbie', 2147483647),
(732, 'Audie', 'Dryden', 2063468221),
(733, 'Kahaleel', 'Asple', 2147483647),
(734, 'Bernadina', 'Amer', 2147483647),
(735, 'Andrus', 'Santen', 2147483647),
(736, 'Augusta', 'Halliberton', 2147483647),
(737, 'Marie-jeanne', 'Yanson', 2147483647),
(738, 'Sena', 'Ling', 2147483647),
(739, 'Perrine', 'Purdey', 2147483647),
(740, 'Matthiew', 'Kilius', 2147483647),
(741, 'Elke', 'Trorey', 2147483647),
(742, 'Rosanne', 'Byron', 2147483647),
(743, 'Kitti', 'Bridewell', 1218388723),
(744, 'Marquita', 'Morgen', 2147483647),
(745, 'Bernadine', 'Giblin', 2147483647),
(746, 'Padget', 'Kingett', 2147483647),
(747, 'Malena', 'Capinetti', 2147483647),
(748, 'Olwen', 'Alsobrook', 2147483647),
(749, 'Correy', 'Kellett', 2147483647),
(750, 'Veronike', 'Farrens', 2122875602),
(751, 'Tasia', 'Fairall', 1201555244),
(752, 'Cesar', 'Fordham', 2147483647),
(753, 'Kristy', 'Hughesdon', 2147483647),
(754, 'Niels', 'Dupoy', 2147483647),
(755, 'Lexie', 'Canet', 2147483647),
(756, 'Corine', 'Summerton', 2147483647),
(757, 'Cairistiona', 'Guinness', 2147483647),
(758, 'Karrah', 'Tortoishell', 2147483647),
(759, 'Ford', 'Scorah', 2147483647),
(760, 'Yorgos', 'Webley', 2147483647),
(761, 'Lorilee', 'Townes', 2147483647),
(762, 'Kelley', 'Aiskrigg', 2147483647),
(763, 'Forbes', 'De La Haye', 2147483647),
(764, 'Fredia', 'Braley', 2147483647),
(765, 'Ced', 'Henryson', 2147483647),
(766, 'Russell', 'Bosdet', 2147483647),
(767, 'Welby', 'Savage', 2147483647),
(768, 'Elisha', 'Tanzig', 2147483647),
(769, 'Audrie', 'Forrington', 2147483647),
(770, 'Ashla', 'Andryushin', 2147483647),
(771, 'Etheline', 'Dungay', 2147483647),
(772, 'Addy', 'Starzaker', 2147483647),
(773, 'Lucais', 'Moggan', 2147483647),
(774, 'Marylinda', 'Divina', 2147483647),
(775, 'Sadye', 'Fahy', 2147483647),
(776, 'Inez', 'Bowden', 2147483647),
(777, 'Anastasie', 'Spoole', 2147483647),
(778, 'Liz', 'Nitto', 2147483647),
(779, 'Devland', 'Chitham', 2147483647),
(780, 'Glen', 'Kobel', 2147483647),
(781, 'Haven', 'Karle', 2147483647),
(782, 'Aili', 'Ditchfield', 2147483647),
(783, 'Kin', 'Gierhard', 2147483647),
(784, 'Waite', 'Jonas', 1131454383),
(785, 'Maxie', 'Ranaghan', 2147483647),
(786, 'Hoebart', 'Buckeridge', 2147483647),
(787, 'Babs', 'Blackster', 2147483647),
(788, 'Maximilian', 'Shoard', 2147483647),
(789, 'Igor', 'Elecum', 2147483647),
(790, 'Julie', 'Mullin', 2147483647),
(791, 'Stirling', 'Fasset', 2147483647),
(792, 'Falito', 'Cammell', 2147483647),
(793, 'Sterne', 'Gurr', 2147483647),
(794, 'Myra', 'Kowal', 2145626820),
(795, 'Elvira', 'Chucks', 2147483647),
(796, 'Giulio', 'Rizon', 2147483647),
(797, 'Jonie', 'O\'Shields', 2147483647),
(798, 'Kristien', 'Laxston', 2147483647),
(799, 'Nikolas', 'Kristufek', 1638899971),
(800, 'Margaux', 'Synnott', 2147483647),
(801, 'Crin', 'Craster', 1554879713),
(802, 'Tatiania', 'Bainbrigge', 2147483647),
(803, 'Tiphany', 'Shackleford', 2147483647),
(804, 'Stephan', 'Gatcliff', 2147483647),
(805, 'Dominique', 'Jarman', 2147483647),
(806, 'Carine', 'Sainsberry', 2147483647),
(807, 'Veradis', 'Benasik', 2147483647),
(808, 'Lurline', 'Diament', 2147483647),
(809, 'Collin', 'Ferran', 1811080929),
(810, 'Patton', 'Piller', 2147483647),
(811, 'Feodora', 'Anning', 2147483647),
(812, 'Cindy', 'Holdworth', 2147483647),
(813, 'Angelo', 'Addlestone', 2147483647),
(814, 'Auroora', 'Gethin', 2147483647),
(815, 'Derrik', 'Malkinson', 2147483647),
(816, 'Stephenie', 'Marciek', 1311923055),
(817, 'Starla', 'Bielfeldt', 2147483647),
(818, 'Stella', 'Currey', 2147483647),
(819, 'Julie', 'Penn', 2147483647),
(820, 'Eamon', 'Goning', 2147483647),
(821, 'Alisander', 'Rubi', 2147483647),
(822, 'Booth', 'Timbs', 2147483647),
(823, 'Brooke', 'Browse', 2147483647),
(824, 'Marlene', 'Zorzoni', 2098167528),
(825, 'Carlee', 'Bowley', 2147483647),
(826, 'Cort', 'Holson', 2147483647),
(827, 'Ameline', 'Dudmarsh', 1006353069),
(828, 'Lotti', 'Marxsen', 2147483647),
(829, 'Pansie', 'Scatcher', 2147483647),
(830, 'Brad', 'Dutnell', 2147483647),
(831, 'Briggs', 'Crewther', 2147483647),
(832, 'Kipp', 'O\'Duggan', 2147483647),
(833, 'Leesa', 'Andor', 2145952183),
(834, 'Jeanette', 'Kemet', 2147483647),
(835, 'Page', 'Merman', 2147483647),
(836, 'Kirby', 'Beche', 2147483647),
(837, 'Skipton', 'Flux', 2147483647),
(838, 'Viviene', 'Easey', 2147483647),
(839, 'Xylina', 'Bengtsen', 2147483647),
(840, 'Brittney', 'Easson', 2147483647),
(841, 'Vonnie', 'Denman', 2147483647),
(842, 'Lonni', 'Arcase', 2147483647),
(843, 'Whitaker', 'Nand', 1745178421),
(844, 'Perla', 'Chelnam', 2147483647),
(845, 'Geraldine', 'Rosell', 2147483647),
(846, 'Von', 'Joddens', 2147483647),
(847, 'Elena', 'Hughill', 2147483647),
(848, 'Faith', 'Saby', 2147483647),
(849, 'Waverly', 'Simony', 2147483647),
(850, 'Hannah', 'Bailey', 2147483647),
(851, 'Euphemia', 'Klimecki', 2147483647),
(852, 'Lenee', 'Firle', 2147483647),
(853, 'Sherlock', 'Calderonello', 2147483647),
(854, 'Benedicto', 'Mantripp', 2147483647),
(855, 'Farley', 'Warkup', 2147483647),
(856, 'Jessalin', 'Bartolomieu', 2147483647),
(857, 'Garnette', 'Monkman', 1485019211),
(858, 'Roze', 'Torre', 2147483647),
(859, 'Jacquette', 'Ribchester', 2147483647),
(860, 'Roanna', 'Sailes', 2147483647),
(861, 'Jessey', 'Learmont', 2147483647),
(862, 'Frants', 'Obee', 2147483647),
(863, 'Lou', 'Hartnup', 2147483647),
(864, 'Candace', 'Gladebeck', 2147483647),
(865, 'Dirk', 'Cowup', 2147483647),
(866, 'Mortimer', 'Jeanes', 2147483647),
(867, 'Helen-elizabeth', 'Feenan', 1993253984),
(868, 'Joel', 'Ginie', 2147483647),
(869, 'Giulia', 'Runge', 2147483647),
(870, 'Caren', 'Diviney', 1515732005),
(871, 'Barnebas', 'Laxon', 2147483647),
(872, 'Solomon', 'Heaney`', 1822962818),
(873, 'Manya', 'Found', 2147483647),
(874, 'Bettina', 'Peasee', 2147483647),
(875, 'Matthieu', 'Dulieu', 2147483647),
(876, 'Joannes', 'Kitt', 1796834931),
(877, 'Shelagh', 'Blackshaw', 2147483647),
(878, 'Zaccaria', 'Kilner', 2147483647),
(879, 'Jessie', 'Varsey', 2147483647),
(880, 'Odille', 'Gabe', 2147483647),
(881, 'Marcos', 'Nathan', 2147483647),
(882, 'Neville', 'Lindemann', 1738355534),
(883, 'Neely', 'Sullens', 2147483647),
(884, 'Field', 'O\'Fallowne', 2147483647),
(885, 'Eberhard', 'Armstead', 2147483647),
(886, 'Kelby', 'Paolo', 2147483647),
(887, 'Ebonee', 'Sealeaf', 2147483647),
(888, 'Druci', 'Jenno', 2147483647),
(889, 'Seana', 'Paolazzi', 2147483647),
(890, 'Loretta', 'Slateford', 1726436756),
(891, 'Audi', 'Grishunin', 2147483647),
(892, 'Benedikt', 'McCardle', 2147483647),
(893, 'Debra', 'Souter', 2147483647),
(894, 'Al', 'Islep', 2147483647),
(895, 'Brit', 'Jacox', 2147483647),
(896, 'Flossie', 'O\'Curran', 2147483647),
(897, 'Aland', 'Kunath', 1643994678),
(898, 'Phylys', 'Faust', 2147483647),
(899, 'Loutitia', 'Ducker', 2147483647),
(900, 'Tamiko', 'Eagers', 2147483647),
(901, 'Angelika', 'Feldmann', 2147483647),
(902, 'Rosco', 'Pickance', 2147483647),
(903, 'Johan', 'Buffy', 2147483647),
(904, 'Jameson', 'Matherson', 2147483647),
(905, 'Benjie', 'Askam', 2147483647),
(906, 'Clayson', 'Huske', 2147483647),
(907, 'Lorianna', 'Curless', 2147483647),
(908, 'Willi', 'Wardrope', 2147483647),
(909, 'Rhianna', 'Pengelley', 2147483647),
(910, 'Shandy', 'Slaten', 2147483647),
(911, 'Leroy', 'Pixton', 2147483647),
(912, 'Vaughn', 'Dupre', 2147483647),
(913, 'Mellicent', 'Nayer', 1642567271),
(914, 'Jeffry', 'Moller', 2147483647),
(915, 'Jonah', 'Stonehewer', 2147483647),
(916, 'Laney', 'Lightowler', 2147483647),
(917, 'Beatriz', 'Serck', 2147483647),
(918, 'Merna', 'Hugle', 2147483647),
(919, 'Hetti', 'Ciciura', 2147483647),
(920, 'Petronilla', 'Dallosso', 2147483647),
(921, 'Goddard', 'Bowfin', 1213850289),
(922, 'Cordey', 'Cheatle', 2147483647),
(923, 'Wilburt', 'Skahill', 2147483647),
(924, 'Kearney', 'Bishop', 2147483647),
(925, 'Billy', 'Martynka', 2147483647),
(926, 'Thedrick', 'Schade', 2147483647),
(927, 'Arin', 'Birtwistle', 2147483647),
(928, 'Nat', 'Wignall', 2147483647),
(929, 'Rani', 'Crotty', 2074960937),
(930, 'Coraline', 'Raymen', 2147483647),
(931, 'Donnie', 'Tewelson', 1075293632),
(932, 'Karlen', 'Lumm', 2147483647),
(933, 'Burnaby', 'Lewens', 2147483647),
(934, 'Mandy', 'Sebastian', 2147483647),
(935, 'Maynord', 'Warwick', 1546689849),
(936, 'Bel', 'Boutwell', 1377383204),
(937, 'Minne', 'Monkhouse', 2147483647),
(938, 'Merrill', 'Brickell', 2147483647),
(939, 'Annalee', 'Whittingham', 2147483647),
(940, 'Janine', 'Biasini', 2147483647),
(941, 'Hilly', 'Serjent', 2147483647),
(942, 'Cristobal', 'Roizin', 2147483647),
(943, 'Birdie', 'Gillett', 1703943402),
(944, 'North', 'Chillingworth', 2147483647),
(945, 'Abrahan', 'Dalgarnowch', 2147483647),
(946, 'Vite', 'Friedenbach', 1313593975),
(947, 'Keefer', 'Nacey', 1561896774),
(948, 'Nial', 'McDunlevy', 1225537483),
(949, 'Shalne', 'Attwill', 2147483647),
(950, 'Casar', 'Northbridge', 2147483647),
(951, 'Frank', 'Mackerel', 2147483647),
(952, 'Edi', 'Le Blond', 2147483647),
(953, 'Lonni', 'Loseby', 2147483647),
(954, 'Ericha', 'Houseley', 2147483647),
(955, 'Bran', 'Euston', 1213806653),
(956, 'Berte', 'Northcott', 2124671582),
(957, 'Gloriane', 'Shmyr', 1889106325),
(958, 'Giorgio', 'Edowes', 2147483647),
(959, 'Lenore', 'Cleevely', 2147483647),
(960, 'Garner', 'Fahey', 2147483647),
(961, 'Omero', 'Petyankin', 2147483647),
(962, 'Langston', 'Whitehall', 2147483647),
(963, 'Vergil', 'Dessaur', 2147483647),
(964, 'Tabatha', 'Pilgrim', 2147483647),
(965, 'Netti', 'Aldersey', 2147483647),
(966, 'Zebadiah', 'Briers', 2147483647),
(967, 'Amabelle', 'Cicutto', 2147483647),
(968, 'Oralie', 'Sanders', 2147483647),
(969, 'Crosby', 'Aronov', 1781246411),
(970, 'Wood', 'Youthead', 2147483647),
(971, 'Briney', 'Onele', 2147483647),
(972, 'Raina', 'Mabbott', 2147483647),
(973, 'Niven', 'Wisker', 1314621297),
(974, 'Brande', 'Pentony', 2147483647),
(975, 'Tanya', 'Mugg', 1755889673),
(976, 'Dale', 'Jacobsohn', 2147483647),
(977, 'Lainey', 'Jakubovitch', 2147483647),
(978, 'Jerald', 'Oswal', 1238455794),
(979, 'Toby', 'Santi', 2147483647),
(980, 'Anabel', 'Jailler', 2147483647),
(981, 'Dore', 'Ledgerton', 2147483647),
(982, 'Mari', 'Greenrod', 2147483647),
(983, 'Lindsay', 'Leathlay', 1862364981),
(984, 'Korrie', 'Leathers', 2147483647),
(985, 'Sibyl', 'Whittek', 2147483647),
(986, 'Giusto', 'Turri', 2147483647),
(987, 'Sayre', 'Shevlin', 2147483647),
(988, 'Nicola', 'Oxenham', 2147483647),
(989, 'Nichol', 'Wofenden', 2147483647),
(990, 'Dawna', 'Treppas', 2147483647),
(991, 'Bradly', 'McGlade', 2147483647),
(992, 'Dugald', 'Widocks', 2147483647),
(993, 'Carlota', 'Dorricott', 2147483647),
(994, 'Lorine', 'Larver', 1622038744),
(995, 'Damaris', 'Hankinson', 2147483647),
(996, 'Allen', 'Jerred', 2147483647),
(997, 'Dasha', 'Backen', 2147483647),
(998, 'Gaston', 'Blincoe', 2147483647),
(999, 'Eleen', 'Escreet', 2147483647),
(1000, 'Terra', 'Dugan', 2147483647);

--
-- Indeksid tõmmistatud tabelitele
--

--
-- Indeksid tabelile `albumid`
--
ALTER TABLE `albumid`
  ADD PRIMARY KEY (`id`);

--
-- Indeksid tabelile `arved`
--
ALTER TABLE `arved`
  ADD PRIMARY KEY (`id`);

--
-- AUTO_INCREMENT tõmmistatud tabelitele
--

--
-- AUTO_INCREMENT tabelile `albumid`
--
ALTER TABLE `albumid`
  MODIFY `id` int(11) NOT NULL AUTO_INCREMENT, AUTO_INCREMENT=1058;

--
-- AUTO_INCREMENT tabelile `arved`
--
ALTER TABLE `arved`
  MODIFY `id` int(11) NOT NULL AUTO_INCREMENT, AUTO_INCREMENT=1001;
COMMIT;

/*!40101 SET CHARACTER_SET_CLIENT=@OLD_CHARACTER_SET_CLIENT */;
/*!40101 SET CHARACTER_SET_RESULTS=@OLD_CHARACTER_SET_RESULTS */;
/*!40101 SET COLLATION_CONNECTION=@OLD_COLLATION_CONNECTION */;
